Fichero pcap;SIDs;RSx;TP;TP_LEGITIMO
T0866-VulnAccess-SMBv1_[2].pcapng;1917;1;0;0
T0866-VulnAccess-SMBv1_[2].pcapng;42331;1;1;1
T0866-VulnAccess-SMBv1_[2].pcapng;42340;1;1;1
T0866-VulnAccess-SMBv1_[2].pcapng;42944;1;1;1
T0866-RemoteAccess-VNC-FIXED_[2].pcapng;560;1;1;1
T0848-RogueMaster-IEC-104_[2].pcapng;1917;1;0;0
T0848-RogueMaster-DNP3-FIXED_[1].pcapng;1917;1;0;0
T0890-EscalPrivileges-NetLogon_[2].pcapng;1917;1;0;0
T0888-DiscoverInfo-DNP3_[1].pcapng;1917;1;0;0
T0846-Discovery-IEC104_[2].pcapng;1917;1;0;0
T0888-ScanInfo-OPCUA-Nmap_[2].pcapng;1390;1;0;1
T0888-ScanInfo-OPCUA-Nmap_[2].pcapng;1917;1;0;0
T0888-ScanInfo-OPCUA-Nmap_[2].pcapng;29456;1;1;1
T0888-ScanInfo-OPCUA-Nmap_[2].pcapng;365;1;1;1
T0888-ScanInfo-OPCUA-Nmap_[2].pcapng;384;1;1;1
T0888-ScanInfo-OPCUA-Nmap_[2].pcapng;408;1;1;1
T0843-ProgDownload-IEC104_[2].pcapng;1917;1;0;0
T0843-FileRead-DNP3-FIXED_[1].pcapng / T0843-FileWrite-DNP3-FIXED_[1].pcapng;1917;1;0;0
T0802-AutoCollect-OPCUA_[2].pcapng;1917;1;0;0
T0830-MITM-BacNet-FIXED_[2].pcapng;1384;1;0;1
T0830-MITM-BacNet-FIXED_[2].pcapng;1917;1;0;0
T0830-MITM-BacNet-FIXED_[2].pcapng;29456;1;1;1
T0830-MITM-BacNet-FIXED_[2].pcapng;384;1;1;1
T0830-MITM-BacNet-FIXED_[2].pcapng;408;1;1;1
T0802-AutoCollect-SNMP_[1].pcapng;1411;1;1;1
T0802-AutoCollect-SNMP_[1].pcapng;1417;1;1;1
T0809-DataDestroy-OMRON_[2].pcapng;1390;1;0;1
T0809-DataDestroy-OMRON_[2].pcapng;1394;1;0;1
T0816-RestartAllenBradley-SNMP_[2].pcapng;1417;1;1;1
T0816-RestartAllenBradley-SNMP_[2].pcapng;402;1;0;1
T0814-DoS-PCC_[1].pcapng;402;1;0;1
T0816-ShtDownAllenBradley-CIP_[1].pcapng;402;1;0;1
T0885-C&Cp502RWin-TCP_[1].pcapng / T0885-C&Cp502RWin-TCP-2_[1].pcapng / T0885-C&Cp502RWin-TCP-3_[1].pcapng;1917;1;0;0
T0885-C&Cp502Ignition-HTTP_[1].pcapng;1917;1;0;0
T0831-Modifparam-IEC104_[2].pcapng;1917;1;0;0
T0831-ModifParam-DNP3_[1].pcapng;1917;1;0;0
T0882-DirRead-DNP3-FIXED_[1].pcapng;1917;1;0;0
T0866-VulnAccess-SMBv1_[2].pcapng;1917;2;0;0
T0866-VulnAccess-SMBv1_[2].pcapng;42331;2;1;1
T0866-VulnAccess-SMBv1_[2].pcapng;42340;2;1;1
T0866-VulnAccess-SMBv1_[2].pcapng;42944;2;1;1
T0866-VulnAccess-SMBv1_[2].pcapng;2024216;2;1;1
T0866-VulnAccess-SMBv1_[2].pcapng;2024218;2;1;1
T0866-VulnAccess-SMBv1_[2].pcapng;2102466;2;1;1
T0866-VulnAccess-SMBv1_[2].pcapng;2102465;2;1;1
T0866-VulnAccess-SMBv1_[2].pcapng;2024297;2;1;1
T0866-VulnAccess-SMBv1_[2].pcapng;2035480;2;1;1
T0866-VulnAccess-SMBv1_[2].pcapng;2027397;2;0;1
T0866-VulnAccess-SMBv1_[2].pcapng;2025644;2;1;1
T0866-VulnAccess-SMBv1_[2].pcapng;2024217;2;1;1
T0866-RemoteAccess-VNC-FIXED_[2].pcapng;560;2;1;1
T0866-RemoteAccess-VNC-FIXED_[2].pcapng;2035480;2;1;1
T0866-RemoteAccess-VNC-FIXED_[2].pcapng;2025644;2;1;1
T0848-RogueMaster-IEC-104_[2].pcapng;1917;2;0;0
T0848-RogueMaster-IEC-104_[2].pcapng;2046160;2;1;1
T0848-RogueMaster-IEC-104_[2].pcapng;2046161;2;1;1
T0848-RogueMaster-IEC-104_[2].pcapng;2046165;2;1;1
T0848-RogueMaster-IEC-104_[2].pcapng;2046164;2;1;1
T0848-RogueMaster-IEC-104_[2].pcapng;2046158;2;1;1
T0848-RogueMaster-IEC-104_[2].pcapng;2046159;2;1;1
T0848-RogueMaster-IEC-104_[2].pcapng;2046162;2;1;1
T0848-RogueMaster-IEC-104_[2].pcapng;2046163;2;1;1
T0848-RogueMaster-DNP3-FIXED_[1].pcapng;1917;2;0;0
T0890-EscalPrivileges-NetLogon_[2].pcapng;1917;2;0;0
T0890-EscalPrivileges-NetLogon_[2].pcapng;2027397;2;0;1
T0890-EscalPrivileges-NetLogon_[2].pcapng;2030870;2;1;1
T0890-EscalPrivileges-NetLogon_[2].pcapng;2030871;2;1;1
T0890-EscalPrivileges-NetLogon_[2].pcapng;2035260;2;1;1
T0890-EscalPrivileges-NetLogon_[2].pcapng;2001581;2;1;1
T0890-EscalPrivileges-NetLogon_[2].pcapng;2035262;2;1;1
T0846-DiscoveryNmap-S7_[1].pcapng;2027397;2;0;1
T0888-DiscoverInfo-DNP3_[1].pcapng;1917;2;0;0
T0846-Discovery-BacNet_[2].pcap ;2027397;2;0;1
T0846-Discovery-IEC104_[2].pcapng;1917;2;0;0
T0846-Discovery-IEC104_[2].pcapng;2027397;2;0;1
T0888-ScanInfo-OPCUA-Nmap_[2].pcapng;1390;2;0;1
T0888-ScanInfo-OPCUA-Nmap_[2].pcapng;1917;2;0;0
T0888-ScanInfo-OPCUA-Nmap_[2].pcapng;29456;2;1;1
T0888-ScanInfo-OPCUA-Nmap_[2].pcapng;365;2;1;1
T0888-ScanInfo-OPCUA-Nmap_[2].pcapng;384;2;1;1
T0888-ScanInfo-OPCUA-Nmap_[2].pcapng;408;2;1;1
T0888-ScanInfo-OPCUA-Nmap_[2].pcapng;2018489;2;1;1
T0843-ProgDownload-IEC104_[2].pcapng;1917;2;0;0
T0843-ProgDownload-IEC104_[2].pcapng;2046160;2;1;1
T0843-ProgDownload-IEC104_[2].pcapng;2046161;2;1;1
T0843-ProgDownload-IEC104_[2].pcapng;2046165;2;1;1
T0843-ProgDownload-IEC104_[2].pcapng;2046164;2;1;1
T0843-ProgDownload-IEC104_[2].pcapng;2046158;2;1;1
T0843-ProgDownload-IEC104_[2].pcapng;2046159;2;1;1
T0843-FileRead-DNP3-FIXED_[1].pcapng / T0843-FileWrite-DNP3-FIXED_[1].pcapng;1917;2;0;0
T0802-AutoCollect-OPCUA_[2].pcapng;1917;2;0;0
T0830-MITM-BacNet-FIXED_[2].pcapng;1384;2;0;1
T0830-MITM-BacNet-FIXED_[2].pcapng;1917;2;0;0
T0830-MITM-BacNet-FIXED_[2].pcapng;29456;2;1;1
T0830-MITM-BacNet-FIXED_[2].pcapng;384;2;1;1
T0830-MITM-BacNet-FIXED_[2].pcapng;408;2;1;1
T0802-AutoCollect-SNMP_[1].pcapng;1411;2;1;1
T0802-AutoCollect-SNMP_[1].pcapng;1417;2;1;1
T0802-AutoCollect-SNMP_[1].pcapng;2101411;2;1;1
T0809-DataDestroy-OMRON_[2].pcapng;1390;2;0;1
T0809-DataDestroy-OMRON_[2].pcapng;1394;2;0;1
T0816-RestartAllenBradley-SNMP_[2].pcapng;1417;2;1;1
T0816-RestartAllenBradley-SNMP_[2].pcapng;402;2;0;1
T0814-DoS-PCC_[1].pcapng;402;2;0;1
T0814-DoS-PCC_[1].pcapng;2026917;2;1;1
T0816-ShtDownAllenBradley-CIP_[1].pcapng;402;2;0;1
T0836-ModifParam-S7_[1].pcapng;2027397;2;0;1
T0885-C&Cp502RWin-TCP_[1].pcapng / T0885-C&Cp502RWin-TCP-2_[1].pcapng / T0885-C&Cp502RWin-TCP-3_[1].pcapng;1917;2;0;0
T0885-C&Cp502RWin-TCP_[1].pcapng / T0885-C&Cp502RWin-TCP-2_[1].pcapng / T0885-C&Cp502RWin-TCP-3_[1].pcapng;2011976;2;1;1
T0885-C&Cp502RWin-TCP_[1].pcapng / T0885-C&Cp502RWin-TCP-2_[1].pcapng / T0885-C&Cp502RWin-TCP-3_[1].pcapng;2035480;2;1;1
T0885-C&Cp502RWin-TCP_[1].pcapng / T0885-C&Cp502RWin-TCP-2_[1].pcapng / T0885-C&Cp502RWin-TCP-3_[1].pcapng;2025644;2;1;1
T0885-C&Cp502Ignition-HTTP_[1].pcapng;1917;2;0;0
T0885-C&Cp502Ignition-HTTP_[1].pcapng;2018358;2;1;1
T0885-C&Cp502Ignition-HTTP_[1].pcapng;2035480;2;1;1
T0885-C&Cp502Ignition-HTTP_[1].pcapng;2025644;2;1;1
T0885-C&Cp20000RWin-TCP_[1].pcapng;2011976;2;1;1
T0885-C&Cp20000RWin-TCP_[1].pcapng;2035480;2;1;1
T0885-C&Cp20000RWin-TCP_[1].pcapng;2025644;2;1;1
T0885-C&Cp102Ignition-TCP_[1].pcapng;2018358;2;1;1
T0885-C&Cp102Ignition-TCP_[1].pcapng;2035480;2;1;1
T0885-C&Cp102Ignition-TCP_[1].pcapng;2025644;2;1;1
T0831-Modifparam-IEC104_[2].pcapng;1917;2;0;0
T0831-Modifparam-IEC104_[2].pcapng;2046160;2;1;1
T0831-Modifparam-IEC104_[2].pcapng;2046161;2;1;1
T0831-Modifparam-IEC104_[2].pcapng;2046164;2;1;1
T0831-Modifparam-IEC104_[2].pcapng;2046165;2;1;1
T0831-Modifparam-IEC104_[2].pcapng;2027397;2;0;1
T0831-Modifparam-IEC104_[2].pcapng;2046158;2;1;1
T0831-Modifparam-IEC104_[2].pcapng;2046159;2;1;1
T0882-DirectoryRead-IEC104_[2].pcapng;2046160;2;1;1
T0882-DirectoryRead-IEC104_[2].pcapng;2046161;2;1;1
T0882-DirectoryRead-IEC104_[2].pcapng;2046165;2;1;1
T0882-DirectoryRead-IEC104_[2].pcapng;2046164;2;1;1
T0882-DirectoryRead-IEC104_[2].pcapng;2027397;2;0;1
T0831-ModifParam-DNP3_[1].pcapng;1917;2;0;0
T0882-DirRead-DNP3-FIXED_[1].pcapng;1917;2;0;0
T0866-VulnAccess-SMBv1_[2].pcapng;1917;3;0;0
T0866-VulnAccess-SMBv1_[2].pcapng;24303;3;0;0
T0866-VulnAccess-SMBv1_[2].pcapng;42329;3;1;1
T0866-VulnAccess-SMBv1_[2].pcapng;41807;3;1;1
T0866-VulnAccess-SMBv1_[2].pcapng;44489;3;1;1
T0866-VulnAccess-SMBv1_[2].pcapng;44488;3;1;1
T0866-VulnAccess-SMBv1_[2].pcapng;44486;3;1;1
T0866-VulnAccess-SMBv1_[2].pcapng;44484;3;1;1
T0866-VulnAccess-SMBv1_[2].pcapng;42944;3;1;1
T0866-VulnAccess-SMBv1_[2].pcapng;42340;3;1;1
T0866-VulnAccess-SMBv1_[2].pcapng;43459;3;1;1
T0866-VulnAccess-SMBv1_[2].pcapng;5730;3;1;1
T0866-VulnAccess-SMBv1_[2].pcapng;42331;3;1;1
T0866-VulnAccess-SMBv1_[2].pcapng;42330;3;1;1
T0866-VulnAccess-SMBv1_[2].pcapng;41978;3;1;1
T0866-VulnAccess-SMBv1_[2].pcapng;58160;3;1;1
T0866-VulnAccess-SMBv1_[2].pcapng;2024216;3;1;1
T0866-VulnAccess-SMBv1_[2].pcapng;2024218;3;1;1
T0866-VulnAccess-SMBv1_[2].pcapng;2102466;3;1;1
T0866-VulnAccess-SMBv1_[2].pcapng;2102465;3;1;1
T0866-VulnAccess-SMBv1_[2].pcapng;2024297;3;1;1
T0866-VulnAccess-SMBv1_[2].pcapng;2035480;3;1;1
T0866-VulnAccess-SMBv1_[2].pcapng;2027397;3;0;1
T0866-VulnAccess-SMBv1_[2].pcapng;2025644;3;1;1
T0866-VulnAccess-SMBv1_[2].pcapng;2024217;3;1;1
T0866-RemoteAccess-VNC-FIXED_[2].pcapng;560;3;1;1
T0866-RemoteAccess-VNC-FIXED_[2].pcapng;51018;3;0;1
T0866-RemoteAccess-VNC-FIXED_[2].pcapng;58160;3;1;1
T0866-RemoteAccess-VNC-FIXED_[2].pcapng;2035480;3;1;1
T0866-RemoteAccess-VNC-FIXED_[2].pcapng;2025644;3;1;1
T0848-RogueMaster-IEC-104_[2].pcapng;41048;3;1;1
T0848-RogueMaster-IEC-104_[2].pcapng;41049;3;1;1
T0848-RogueMaster-IEC-104_[2].pcapng;41050;3;1;1
T0848-RogueMaster-IEC-104_[2].pcapng;41051;3;1;1
T0848-RogueMaster-IEC-104_[2].pcapng;41052;3;1;1
T0848-RogueMaster-IEC-104_[2].pcapng;41054;3;1;1
T0848-RogueMaster-IEC-104_[2].pcapng;41055;3;1;1
T0848-RogueMaster-IEC-104_[2].pcapng;41058;3;1;1
T0848-RogueMaster-IEC-104_[2].pcapng;41061;3;1;1
T0848-RogueMaster-IEC-104_[2].pcapng;41070;3;1;1
T0848-RogueMaster-IEC-104_[2].pcapng;41071;3;1;1
T0848-RogueMaster-IEC-104_[2].pcapng;41074;3;1;1
T0848-RogueMaster-IEC-104_[2].pcapng;41075;3;1;1
T0848-RogueMaster-IEC-104_[2].pcapng;41078;3;1;1
T0848-RogueMaster-IEC-104_[2].pcapng;41079;3;1;1
T0848-RogueMaster-IEC-104_[2].pcapng;52150;3;1;1
T0848-RogueMaster-IEC-104_[2].pcapng;52151;3;1;1
T0848-RogueMaster-IEC-104_[2].pcapng;52152;3;1;1
T0848-RogueMaster-IEC-104_[2].pcapng;52155;3;1;1
T0848-RogueMaster-IEC-104_[2].pcapng;52185;3;1;1
T0848-RogueMaster-IEC-104_[2].pcapng;52189;3;1;1
T0848-RogueMaster-IEC-104_[2].pcapng;52191;3;1;1
T0848-RogueMaster-IEC-104_[2].pcapng;52192;3;1;1
T0848-RogueMaster-IEC-104_[2].pcapng;52193;3;1;1
T0848-RogueMaster-IEC-104_[2].pcapng;1917;3;0;0
T0848-RogueMaster-IEC-104_[2].pcapng;2046160;3;1;1
T0848-RogueMaster-IEC-104_[2].pcapng;2046161;3;1;1
T0848-RogueMaster-IEC-104_[2].pcapng;2046165;3;1;1
T0848-RogueMaster-IEC-104_[2].pcapng;2046164;3;1;1
T0848-RogueMaster-IEC-104_[2].pcapng;2046158;3;1;1
T0848-RogueMaster-IEC-104_[2].pcapng;2046159;3;1;1
T0848-RogueMaster-IEC-104_[2].pcapng;2046162;3;1;1
T0848-RogueMaster-IEC-104_[2].pcapng;2046163;3;1;1
T0848-RogueMaster-DNP3-FIXED_[1].pcapng;1917;3;0;0
T0858-ChangeOPMode-Omron_[2].pcapng;15398;3;1;1
T0858-ChangeOPMode-Omron_[2].pcapng;15399;3;1;1
T0890-EscalPrivileges-NetLogon_[2].pcapng;1917;3;0;0
T0890-EscalPrivileges-NetLogon_[2].pcapng;24301;3;0;1
T0890-EscalPrivileges-NetLogon_[2].pcapng;51037;3;0;1
T0890-EscalPrivileges-NetLogon_[2].pcapng;55703;3;1;1
T0890-EscalPrivileges-NetLogon_[2].pcapng;55704;3;1;1
T0890-EscalPrivileges-NetLogon_[2].pcapng;55802;3;1;1
T0890-EscalPrivileges-NetLogon_[2].pcapng;57280;3;1;1
T0890-EscalPrivileges-NetLogon_[2].pcapng;2027397;3;0;1
T0890-EscalPrivileges-NetLogon_[2].pcapng;2030870;3;1;1
T0890-EscalPrivileges-NetLogon_[2].pcapng;2030871;3;1;1
T0890-EscalPrivileges-NetLogon_[2].pcapng;2035260;3;1;1
T0890-EscalPrivileges-NetLogon_[2].pcapng;2001581;3;1;1
T0890-EscalPrivileges-NetLogon_[2].pcapng;2035262;3;1;1
T0846-DiscoveryNmap-S7_[1].pcapng;2027397;3;0;1
T0846-DiscoveryNmap-Modbus_[1].pcapng;15071;3;1;1
T0846-DiscoveryNmap-Modbus_[1].pcapng;17798;3;1;1
T0846-DiscoveryNmap-Modbus_[1].pcapng;17799;3;1;1
T0846-DiscoverMetasp-Modbus_[1].pcapng;15071;3;1;1
T0846-DiscoverMetasp-Modbus_[1].pcapng;17789;3;1;1
T0888-DiscverFindID-Modbus_[1].pcapng / T0888-DiscverCoils-Modbus_[1].pcapng / T0888-DiscverRegisters-Modbus_[1].pcapng / T0888-DiscverRegisters2-Modbus_[1].pcapng;17788;3;1;1
T0888-DiscverFindID-Modbus_[1].pcapng / T0888-DiscverCoils-Modbus_[1].pcapng / T0888-DiscverRegisters-Modbus_[1].pcapng / T0888-DiscverRegisters2-Modbus_[1].pcapng;15071;3;1;1
T0888-DiscverFindID-Modbus_[1].pcapng / T0888-DiscverCoils-Modbus_[1].pcapng / T0888-DiscverRegisters-Modbus_[1].pcapng / T0888-DiscverRegisters2-Modbus_[1].pcapng;17789;3;1;1
T0888-DiscverFindID-Modbus_[1].pcapng / T0888-DiscverCoils-Modbus_[1].pcapng / T0888-DiscverRegisters-Modbus_[1].pcapng / T0888-DiscverRegisters2-Modbus_[1].pcapng;17790;3;1;1
T0888-DiscoverInfo-DNP3_[1].pcapng;1917;3;0;0
T0846-Discovery-BacNet_[2].pcap ;2027397;3;0;1
T0846-Discovery-IEC104_[2].pcapng;1917;3;0;0
T0846-Discovery-IEC104_[2].pcapng;41048;3;1;1
T0846-Discovery-IEC104_[2].pcapng;41052;3;1;1
T0846-Discovery-IEC104_[2].pcapng;41055;3;1;1
T0846-Discovery-IEC104_[2].pcapng;41058;3;1;1
T0846-Discovery-IEC104_[2].pcapng;41070;3;1;1
T0846-Discovery-IEC104_[2].pcapng;52150;3;1;1
T0846-Discovery-IEC104_[2].pcapng;52185;3;1;1
T0846-Discovery-IEC104_[2].pcapng;52191;3;1;1
T0846-Discovery-IEC104_[2].pcapng;2027397;3;0;1
T0888-ScanInfo-OPCUA-Nmap_[2].pcapng;1390;3;0;1
T0888-ScanInfo-OPCUA-Nmap_[2].pcapng;1917;3;0;0
T0888-ScanInfo-OPCUA-Nmap_[2].pcapng;24378;3;1;1
T0888-ScanInfo-OPCUA-Nmap_[2].pcapng;29456;3;1;1
T0888-ScanInfo-OPCUA-Nmap_[2].pcapng;365;3;1;1
T0888-ScanInfo-OPCUA-Nmap_[2].pcapng;384;3;1;1
T0888-ScanInfo-OPCUA-Nmap_[2].pcapng;408;3;1;1
T0888-ScanInfo-OPCUA-Nmap_[2].pcapng;51065;3;1;1
T0888-ScanInfo-OPCUA-Nmap_[2].pcapng;51066;3;1;1
T0888-ScanInfo-OPCUA-Nmap_[2].pcapng;2018489;3;1;1
T0843-ProgDownload-IEC104_[2].pcapng;1917;3;0;0
T0843-ProgDownload-IEC104_[2].pcapng;41047;3;1;1
T0843-ProgDownload-IEC104_[2].pcapng;41048;3;1;1
T0843-ProgDownload-IEC104_[2].pcapng;41051;3;1;1
T0843-ProgDownload-IEC104_[2].pcapng;41052;3;1;1
T0843-ProgDownload-IEC104_[2].pcapng;41053;3;1;1
T0843-ProgDownload-IEC104_[2].pcapng;41054;3;1;1
T0843-ProgDownload-IEC104_[2].pcapng;41055;3;1;1
T0843-ProgDownload-IEC104_[2].pcapng;41056;3;1;1
T0843-ProgDownload-IEC104_[2].pcapng;41057;3;1;1
T0843-ProgDownload-IEC104_[2].pcapng;41058;3;1;1
T0843-ProgDownload-IEC104_[2].pcapng;41059;3;1;1
T0843-ProgDownload-IEC104_[2].pcapng;41060;3;1;1
T0843-ProgDownload-IEC104_[2].pcapng;41061;3;1;1
T0843-ProgDownload-IEC104_[2].pcapng;41062;3;1;1
T0843-ProgDownload-IEC104_[2].pcapng;41063;3;1;1
T0843-ProgDownload-IEC104_[2].pcapng;41064;3;1;1
T0843-ProgDownload-IEC104_[2].pcapng;41065;3;1;1
T0843-ProgDownload-IEC104_[2].pcapng;41066;3;1;1
T0843-ProgDownload-IEC104_[2].pcapng;41067;3;1;1
T0843-ProgDownload-IEC104_[2].pcapng;41068;3;1;1
T0843-ProgDownload-IEC104_[2].pcapng;41069;3;1;1
T0843-ProgDownload-IEC104_[2].pcapng;41070;3;1;1
T0843-ProgDownload-IEC104_[2].pcapng;41071;3;1;1
T0843-ProgDownload-IEC104_[2].pcapng;41072;3;1;1
T0843-ProgDownload-IEC104_[2].pcapng;41073;3;1;1
T0843-ProgDownload-IEC104_[2].pcapng;41074;3;1;1
T0843-ProgDownload-IEC104_[2].pcapng;41075;3;1;1
T0843-ProgDownload-IEC104_[2].pcapng;41076;3;1;1
T0843-ProgDownload-IEC104_[2].pcapng;41077;3;1;1
T0843-ProgDownload-IEC104_[2].pcapng;41078;3;1;1
T0843-ProgDownload-IEC104_[2].pcapng;41079;3;1;1
T0843-ProgDownload-IEC104_[2].pcapng;52150;3;1;1
T0843-ProgDownload-IEC104_[2].pcapng;52151;3;1;1
T0843-ProgDownload-IEC104_[2].pcapng;52154;3;1;1
T0843-ProgDownload-IEC104_[2].pcapng;52155;3;1;1
T0843-ProgDownload-IEC104_[2].pcapng;52158;3;1;1
T0843-ProgDownload-IEC104_[2].pcapng;52187;3;1;1
T0843-ProgDownload-IEC104_[2].pcapng;52189;3;1;1
T0843-ProgDownload-IEC104_[2].pcapng;52191;3;1;1
T0843-ProgDownload-IEC104_[2].pcapng;52192;3;1;1
T0843-ProgDownload-IEC104_[2].pcapng;52195;3;1;1
T0843-ProgDownload-IEC104_[2].pcapng;52196;3;1;1
T0843-ProgDownload-IEC104_[2].pcapng;52198;3;1;1
T0843-ProgDownload-IEC104_[2].pcapng;52199;3;1;1
T0843-ProgDownload-IEC104_[2].pcapng;52200;3;1;1
T0843-ProgDownload-IEC104_[2].pcapng;52201;3;1;1
T0843-ProgDownload-IEC104_[2].pcapng;2046160;3;1;1
T0843-ProgDownload-IEC104_[2].pcapng;2046161;3;1;1
T0843-ProgDownload-IEC104_[2].pcapng;2046165;3;1;1
T0843-ProgDownload-IEC104_[2].pcapng;2046164;3;1;1
T0843-ProgDownload-IEC104_[2].pcapng;2046158;3;1;1
T0843-ProgDownload-IEC104_[2].pcapng;2046159;3;1;1
T0843-FileRead-DNP3-FIXED_[1].pcapng / T0843-FileWrite-DNP3-FIXED_[1].pcapng;1917;3;0;0
T0843-FileDownload-Modbus_[1].pcapng / T0843-FileUpload-Modbus_[1].pcapng;17790;3;1;1
T0843-FileDownload-Modbus_[1].pcapng / T0843-FileUpload-Modbus_[1].pcapng;17782;3;1;1
T0802-AutoCollect-OPCUA_[2].pcapng;1917;3;0;0
T0830-MITM-BacNet-FIXED_[2].pcapng;1384;3;0;1
T0830-MITM-BacNet-FIXED_[2].pcapng;1917;3;0;0
T0830-MITM-BacNet-FIXED_[2].pcapng;24301;3;0;1
T0830-MITM-BacNet-FIXED_[2].pcapng;51037;3;0;1
T0830-MITM-BacNet-FIXED_[2].pcapng;29456;3;1;1
T0830-MITM-BacNet-FIXED_[2].pcapng;384;3;1;1
T0830-MITM-BacNet-FIXED_[2].pcapng;408;3;1;1
T0802-AutoCollect-SNMP_[1].pcapng;1411;3;1;1
T0802-AutoCollect-SNMP_[1].pcapng;1417;3;1;1
T0802-AutoCollect-SNMP_[1].pcapng;2101411;3;1;1
T0809-DataDestroy-OMRON_[2].pcapng;1390;3;0;1
T0809-DataDestroy-OMRON_[2].pcapng;1394;3;0;1
T0809-DataDestroy-OMRON_[2].pcapng;15389;3;1;1
T0809-DataDestroy-OMRON_[2].pcapng;15390;3;1;1
T0809-DataDestroy-OMRON_[2].pcapng;15391;3;1;1
T0809-DataDestroy-OMRON_[2].pcapng;15392;3;1;1
T0809-DataDestroy-OMRON_[2].pcapng;15393;3;1;1
T0809-DataDestroy-OMRON_[2].pcapng;15394;3;1;1
T0809-DataDestroy-OMRON_[2].pcapng;15395;3;1;1
T0809-DataDestroy-OMRON_[2].pcapng;15396;3;1;1
T0809-DataDestroy-OMRON_[2].pcapng;15397;3;1;1
T0809-DataDestroy-OMRON_[2].pcapng;15398;3;1;1
T0809-DataDestroy-OMRON_[2].pcapng;15399;3;1;1
T0809-DataDestroy-OMRON_[2].pcapng;15400;3;1;1
T0809-DataDestroy-OMRON_[2].pcapng;15401;3;1;1
T0809-DataDestroy-OMRON_[2].pcapng;15402;3;1;1
T0809-DataDestroy-OMRON_[2].pcapng;15403;3;1;1
T0809-DataDestroy-OMRON_[2].pcapng;15404;3;1;1
T0809-DataDestroy-OMRON_[2].pcapng;15405;3;1;1
T0809-DataDestroy-OMRON_[2].pcapng;15406;3;1;1
T0809-DataDestroy-OMRON_[2].pcapng;15407;3;1;1
T0809-DataDestroy-OMRON_[2].pcapng;15408;3;1;1
T0809-DataDestroy-OMRON_[2].pcapng;15410;3;1;1
T0809-DataDestroy-OMRON_[2].pcapng;15411;3;1;1
T0809-DataDestroy-OMRON_[2].pcapng;15412;3;1;1
T0816-RestartAllenBradley-SNMP_[2].pcapng;39876;3;1;1
T0816-RestartAllenBradley-SNMP_[2].pcapng;39877;3;1;1
T0816-RestartAllenBradley-SNMP_[2].pcapng;402;3;0;1
T0816-RestartAllenBradley-SNMP_[2].pcapng;44663;3;0;1
T0816-RestartAllenBradley-SNMP_[2].pcapng;1417;3;1;1
T0814-DoS-PCC_[1].pcapng;402;3;0;1
T0814-DoS-PCC_[1].pcapng;2026917;3;1;1
T0816-ShtDownAllenBradley-CIP_[1].pcapng;402;3;0;1
T0816-ShtDownAllenBradley-CIP_[1].pcapng;40518;3;1;1
T0816-ShutDown-Modbus_[1].pcapng;17785;3;1;1
T0836-ModifyParam-OmronFINS_[2].pcapng;15389;3;1;1
T0836-ModifyParam-OmronFINS_[2].pcapng;15390;3;1;1
T0836-ModifyParam-OmronFINS_[2].pcapng;15391;3;1;1
T0836-ModifParam-Modbus_[1].pcapng;17783;3;1;1
T0836-ModifParam-S7_[1].pcapng;2027397;3;0;1
T0885-C&Cp502RWin-TCP_[1].pcapng / T0885-C&Cp502RWin-TCP-2_[1].pcapng / T0885-C&Cp502RWin-TCP-3_[1].pcapng;15071;3;1;1
T0885-C&Cp502RWin-TCP_[1].pcapng / T0885-C&Cp502RWin-TCP-2_[1].pcapng / T0885-C&Cp502RWin-TCP-3_[1].pcapng;1917;3;0;0
T0885-C&Cp502RWin-TCP_[1].pcapng / T0885-C&Cp502RWin-TCP-2_[1].pcapng / T0885-C&Cp502RWin-TCP-3_[1].pcapng;18659;3;1;1
T0885-C&Cp502RWin-TCP_[1].pcapng / T0885-C&Cp502RWin-TCP-2_[1].pcapng / T0885-C&Cp502RWin-TCP-3_[1].pcapng;58160;3;1;1
T0885-C&Cp502RWin-TCP_[1].pcapng / T0885-C&Cp502RWin-TCP-2_[1].pcapng / T0885-C&Cp502RWin-TCP-3_[1].pcapng;2011976;3;1;1
T0885-C&Cp502RWin-TCP_[1].pcapng / T0885-C&Cp502RWin-TCP-2_[1].pcapng / T0885-C&Cp502RWin-TCP-3_[1].pcapng;2035480;3;1;1
T0885-C&Cp502RWin-TCP_[1].pcapng / T0885-C&Cp502RWin-TCP-2_[1].pcapng / T0885-C&Cp502RWin-TCP-3_[1].pcapng;2025644;3;1;1
T0885-C&Cp502Ignition-HTTP_[1].pcapng;15071;3;1;1
T0885-C&Cp502Ignition-HTTP_[1].pcapng;50447;3;1;1
T0885-C&Cp502Ignition-HTTP_[1].pcapng;1917;3;0;0
T0885-C&Cp502Ignition-HTTP_[1].pcapng;58160;3;1;1
T0885-C&Cp502Ignition-HTTP_[1].pcapng;2018358;3;1;1
T0885-C&Cp502Ignition-HTTP_[1].pcapng;2035480;3;1;1
T0885-C&Cp502Ignition-HTTP_[1].pcapng;2025644;3;1;1
T0885-C&Cp20000RWin-TCP_[1].pcapng;18659;3;1;1
T0885-C&Cp20000RWin-TCP_[1].pcapng;5816;3;1;1
T0885-C&Cp20000RWin-TCP_[1].pcapng;2011976;3;1;1
T0885-C&Cp20000RWin-TCP_[1].pcapng;2035480;3;1;1
T0885-C&Cp20000RWin-TCP_[1].pcapng;2025644;3;1;1
T0885-C&Cp102Ignition-TCP_[1].pcapng;50447;3;1;1
T0885-C&Cp102Ignition-TCP_[1].pcapng;58160;3;1;1
T0831-Modifparam-IEC104_[2].pcapng;1917;3;0;0
T0831-Modifparam-IEC104_[2].pcapng;41047;3;1;1
T0831-Modifparam-IEC104_[2].pcapng;41048;3;1;1
T0831-Modifparam-IEC104_[2].pcapng;41051;3;1;1
T0831-Modifparam-IEC104_[2].pcapng;41052;3;1;1
T0831-Modifparam-IEC104_[2].pcapng;41054;3;1;1
T0831-Modifparam-IEC104_[2].pcapng;41058;3;1;1
T0831-Modifparam-IEC104_[2].pcapng;41061;3;1;1
T0831-Modifparam-IEC104_[2].pcapng;41063;3;1;1
T0831-Modifparam-IEC104_[2].pcapng;41069;3;1;1
T0831-Modifparam-IEC104_[2].pcapng;41070;3;1;1
T0831-Modifparam-IEC104_[2].pcapng;41074;3;1;1
T0831-Modifparam-IEC104_[2].pcapng;41075;3;1;1
T0831-Modifparam-IEC104_[2].pcapng;41078;3;1;1
T0831-Modifparam-IEC104_[2].pcapng;41079;3;1;1
T0831-Modifparam-IEC104_[2].pcapng;52150;3;1;1
T0831-Modifparam-IEC104_[2].pcapng;52151;3;1;1
T0831-Modifparam-IEC104_[2].pcapng;52154;3;1;1
T0831-Modifparam-IEC104_[2].pcapng;52155;3;1;1
T0831-Modifparam-IEC104_[2].pcapng;52158;3;1;1
T0831-Modifparam-IEC104_[2].pcapng;52171;3;1;1
T0831-Modifparam-IEC104_[2].pcapng;52176;3;1;1
T0831-Modifparam-IEC104_[2].pcapng;52187;3;1;1
T0831-Modifparam-IEC104_[2].pcapng;52189;3;1;1
T0831-Modifparam-IEC104_[2].pcapng;52191;3;1;1
T0831-Modifparam-IEC104_[2].pcapng;52192;3;1;1
T0831-Modifparam-IEC104_[2].pcapng;2046160;3;1;1
T0831-Modifparam-IEC104_[2].pcapng;2046161;3;1;1
T0831-Modifparam-IEC104_[2].pcapng;2046164;3;1;1
T0831-Modifparam-IEC104_[2].pcapng;2046165;3;1;1
T0831-Modifparam-IEC104_[2].pcapng;2027397;3;0;1
T0831-Modifparam-IEC104_[2].pcapng;2046158;3;1;1
T0831-Modifparam-IEC104_[2].pcapng;2046159;3;1;1
T0882-DirectoryRead-IEC104_[2].pcapng;41047;3;1;1
T0882-DirectoryRead-IEC104_[2].pcapng;41048;3;1;1
T0882-DirectoryRead-IEC104_[2].pcapng;41055;3;1;1
T0882-DirectoryRead-IEC104_[2].pcapng;41058;3;1;1
T0882-DirectoryRead-IEC104_[2].pcapng;41060;3;1;1
T0882-DirectoryRead-IEC104_[2].pcapng;41070;3;1;1
T0882-DirectoryRead-IEC104_[2].pcapng;41074;3;1;1
T0882-DirectoryRead-IEC104_[2].pcapng;41075;3;1;1
T0882-DirectoryRead-IEC104_[2].pcapng;41078;3;1;1
T0882-DirectoryRead-IEC104_[2].pcapng;41079;3;1;1
T0882-DirectoryRead-IEC104_[2].pcapng;52150;3;1;1
T0882-DirectoryRead-IEC104_[2].pcapng;52185;3;1;1
T0882-DirectoryRead-IEC104_[2].pcapng;52189;3;1;1
T0882-DirectoryRead-IEC104_[2].pcapng;52191;3;1;1
T0882-DirectoryRead-IEC104_[2].pcapng;52192;3;1;1
T0882-DirectoryRead-IEC104_[2].pcapng;52199;3;1;1
T0882-DirectoryRead-IEC104_[2].pcapng;52202;3;1;1
T0882-DirectoryRead-IEC104_[2].pcapng;2046160;3;1;1
T0882-DirectoryRead-IEC104_[2].pcapng;2046161;3;1;1
T0882-DirectoryRead-IEC104_[2].pcapng;2046165;3;1;1
T0882-DirectoryRead-IEC104_[2].pcapng;2046164;3;1;1
T0882-DirectoryRead-IEC104_[2].pcapng;2027397;3;0;1
T0831-ModifParam-DNP3_[1].pcapng;1917;3;0;0
T0882-DirRead-DNP3-FIXED_[1].pcapng;1917;3;0;0
dnp3_test_data_part1[3].pcapng ;15718;3;1;1
dnp3_test_data_part2[3].pcapng ;15717;3;1;1
dnp3_test_data_part2[3].pcapng ;15718;3;1;1
dnp3_test_data_part2[3].pcapng ;15713;3;1;1
modbus_test_data_part1[3].pcapng ;17795;3;1;1
modbus_test_data_part1[3].pcapng ;15071;3;1;1
modbus_test_data_part1[3].pcapng ;17799;3;1;1
modbus_test_data_part1[3].pcapng ;17798;3;1;1
modbus_test_data_part1[3].pcapng ;17788;3;1;1
modbus_test_data_part1[3].pcapng ;17790;3;1;1
modbus_test_data_part1[3].pcapng ;17784;3;1;1
modbus_test_data_part1[3].pcapng ;17783;3;1;1
modbus_test_data_part2[3].pcapng ;15071;3;1;1
modbus_test_data_part2[3].pcapng ;29965;3;0;1
modbus_test_data_part2[3].pcapng ;17788;3;1;1
modbus_test_data_part2[3].pcapng ;17787;3;1;1
modbus_test_data_part2[3].pcapng ;17790;3;1;1
modbus_test_data_part2[3].pcapng ;17789;3;1;1
modbus_test_data_part2[3].pcapng ;17784;3;1;1
modbus_test_data_part2[3].pcapng ;17783;3;1;1
modbus_test_data_part2[3].pcapng ;17794;3;1;1
modbus_test_data_part2[3].pcapng ;17795;3;1;1
modbus_test_data_part2[3].pcapng ;17796;3;1;1
modbus_test_data_part2[3].pcapng ;17797;3;1;1
modbus_test_data_part2[3].pcapng ;17785;3;1;1
modbus_test_data_part2[3].pcapng ;17782;3;1;1
modbus_test_data_part2[3].pcapng ;17799;3;1;1
modbus_test_data_part2[3].pcapng ;17798;3;1;1
modbus_test_data_part2[3].pcapng ;17793;3;1;1
modbus_test_data_part2[3].pcapng ;30819;3;1;1
modbus_test_data_part2[3].pcapng ;30816;3;1;1
modbus_test_data_part2[3].pcapng ;17786;3;1;1
modbus_test_data_part2[3].pcapng ;17800;3;1;1
modbus_test_data_part2[3].pcapng ;17791;3;1;1
modbus_test_data_part2[3].pcapng ;17792;3;1;1
modbus_test_data_part2[3].pcapng ;29319;3;1;1
modbus_test_data_part2[3].pcapng ;15074;3;1;1
modbus_test_data_part2[3].pcapng ;15075;3;1;1
modicon_test[3].pcapng ;42861;3;0;1
T0866-VulnAccess-SMBv1_[2].pcapng;1917;4;0;0
T0866-VulnAccess-SMBv1_[2].pcapng;24303;4;0;0
T0866-VulnAccess-SMBv1_[2].pcapng;42329;4;1;1
T0866-VulnAccess-SMBv1_[2].pcapng;41807;4;1;1
T0866-VulnAccess-SMBv1_[2].pcapng;44489;4;1;1
T0866-VulnAccess-SMBv1_[2].pcapng;44488;4;1;1
T0866-VulnAccess-SMBv1_[2].pcapng;44486;4;1;1
T0866-VulnAccess-SMBv1_[2].pcapng;44484;4;1;1
T0866-VulnAccess-SMBv1_[2].pcapng;42944;4;1;1
T0866-VulnAccess-SMBv1_[2].pcapng;42340;4;1;1
T0866-VulnAccess-SMBv1_[2].pcapng;43459;4;1;1
T0866-VulnAccess-SMBv1_[2].pcapng;5730;4;1;1
T0866-VulnAccess-SMBv1_[2].pcapng;42331;4;1;1
T0866-VulnAccess-SMBv1_[2].pcapng;42330;4;1;1
T0866-VulnAccess-SMBv1_[2].pcapng;41978;4;1;1
T0866-VulnAccess-SMBv1_[2].pcapng;58160;4;1;1
T0866-VulnAccess-SMBv1_[2].pcapng;2044666;4;1;1
T0866-VulnAccess-SMBv1_[2].pcapng;2024766;4;1;1
T0866-VulnAccess-SMBv1_[2].pcapng;2024218;4;1;1
T0866-VulnAccess-SMBv1_[2].pcapng;2024216;4;1;1
T0866-VulnAccess-SMBv1_[2].pcapng;2102466;4;1;1
T0866-VulnAccess-SMBv1_[2].pcapng;2044665;4;1;1
T0866-VulnAccess-SMBv1_[2].pcapng;2002752;4;0;0
T0866-VulnAccess-SMBv1_[2].pcapng;2002749;4;0;0
T0866-VulnAccess-SMBv1_[2].pcapng;2102465;4;1;1
T0866-VulnAccess-SMBv1_[2].pcapng;2024297;4;1;1
T0866-VulnAccess-SMBv1_[2].pcapng;2035480;4;1;1
T0866-VulnAccess-SMBv1_[2].pcapng;2027397;4;0;1
T0866-VulnAccess-SMBv1_[2].pcapng;2025644;4;1;1
T0866-VulnAccess-SMBv1_[2].pcapng;2024217;4;1;1
T0866-VulnAccess-SMBv1_[2].pcapng;2023997;4;1;1
T0866-VulnAccess-SMBv1_[2].pcapng;2000419;4;1;1
T0866-RemoteAccess-VNC-FIXED_[2].pcapng;560;4;1;1
T0866-RemoteAccess-VNC-FIXED_[2].pcapng;51018;4;0;1
T0866-RemoteAccess-VNC-FIXED_[2].pcapng;58160;4;1;1
T0866-RemoteAccess-VNC-FIXED_[2].pcapng;2000419;4;1;1
T0866-RemoteAccess-VNC-FIXED_[2].pcapng;2002749;4;0;0
T0866-RemoteAccess-VNC-FIXED_[2].pcapng;2002752;4;0;0
T0866-RemoteAccess-VNC-FIXED_[2].pcapng;2025644;4;1;1
T0866-RemoteAccess-VNC-FIXED_[2].pcapng;2035480;4;1;1
T0866-RemoteAccess-VNC-FIXED_[2].pcapng;2100560;4;1;1
T0848-RogueMaster-IEC-104_[2].pcapng;41048;4;1;1
T0848-RogueMaster-IEC-104_[2].pcapng;41049;4;1;1
T0848-RogueMaster-IEC-104_[2].pcapng;41050;4;1;1
T0848-RogueMaster-IEC-104_[2].pcapng;41051;4;1;1
T0848-RogueMaster-IEC-104_[2].pcapng;41052;4;1;1
T0848-RogueMaster-IEC-104_[2].pcapng;41054;4;1;1
T0848-RogueMaster-IEC-104_[2].pcapng;41055;4;1;1
T0848-RogueMaster-IEC-104_[2].pcapng;41058;4;1;1
T0848-RogueMaster-IEC-104_[2].pcapng;41061;4;1;1
T0848-RogueMaster-IEC-104_[2].pcapng;41070;4;1;1
T0848-RogueMaster-IEC-104_[2].pcapng;41071;4;1;1
T0848-RogueMaster-IEC-104_[2].pcapng;41074;4;1;1
T0848-RogueMaster-IEC-104_[2].pcapng;41075;4;1;1
T0848-RogueMaster-IEC-104_[2].pcapng;41078;4;1;1
T0848-RogueMaster-IEC-104_[2].pcapng;41079;4;1;1
T0848-RogueMaster-IEC-104_[2].pcapng;52150;4;1;1
T0848-RogueMaster-IEC-104_[2].pcapng;52151;4;1;1
T0848-RogueMaster-IEC-104_[2].pcapng;52152;4;1;1
T0848-RogueMaster-IEC-104_[2].pcapng;52155;4;1;1
T0848-RogueMaster-IEC-104_[2].pcapng;52185;4;1;1
T0848-RogueMaster-IEC-104_[2].pcapng;52189;4;1;1
T0848-RogueMaster-IEC-104_[2].pcapng;52191;4;1;1
T0848-RogueMaster-IEC-104_[2].pcapng;52192;4;1;1
T0848-RogueMaster-IEC-104_[2].pcapng;52193;4;1;1
T0848-RogueMaster-IEC-104_[2].pcapng;1917;4;0;0
T0848-RogueMaster-IEC-104_[2].pcapng;2002752;4;0;0
T0848-RogueMaster-IEC-104_[2].pcapng;2002749;4;0;0
T0848-RogueMaster-IEC-104_[2].pcapng;2046160;4;1;1
T0848-RogueMaster-IEC-104_[2].pcapng;2046161;4;1;1
T0848-RogueMaster-IEC-104_[2].pcapng;2046165;4;1;1
T0848-RogueMaster-IEC-104_[2].pcapng;2046164;4;1;1
T0848-RogueMaster-IEC-104_[2].pcapng;2046158;4;1;1
T0848-RogueMaster-IEC-104_[2].pcapng;2046159;4;1;1
T0848-RogueMaster-IEC-104_[2].pcapng;2046162;4;1;1
T0848-RogueMaster-IEC-104_[2].pcapng;2046163;4;1;1
T0848-RogueMaster-DNP3-FIXED_[1].pcapng;1917;4;0;0
T0848-RogueMaster-DNP3-FIXED_[1].pcapng;2002752;4;0;0
T0848-RogueMaster-DNP3-FIXED_[1].pcapng;2002749;4;0;0
T0858-ChangeOPMode-Omron_[2].pcapng;15398;4;1;1
T0858-ChangeOPMode-Omron_[2].pcapng;15399;4;1;1
T0858-ChangeOPMode-Omron_[2].pcapng;2002752;4;0;0
T0858-ChangeOPMode-Omron_[2].pcapng;2002749;4;0;0
T0890-EscalPrivileges-NetLogon_[2].pcapng;1917;4;0;0
T0890-EscalPrivileges-NetLogon_[2].pcapng;24301;4;0;1
T0890-EscalPrivileges-NetLogon_[2].pcapng;51037;4;0;1
T0890-EscalPrivileges-NetLogon_[2].pcapng;55703;4;1;1
T0890-EscalPrivileges-NetLogon_[2].pcapng;55704;4;1;1
T0890-EscalPrivileges-NetLogon_[2].pcapng;55802;4;1;1
T0890-EscalPrivileges-NetLogon_[2].pcapng;57280;4;1;1
T0890-EscalPrivileges-NetLogon_[2].pcapng;2001581;4;1;1
T0890-EscalPrivileges-NetLogon_[2].pcapng;2002749;4;0;0
T0890-EscalPrivileges-NetLogon_[2].pcapng;2002752;4;0;0
T0890-EscalPrivileges-NetLogon_[2].pcapng;2027397;4;0;1
T0890-EscalPrivileges-NetLogon_[2].pcapng;2030870;4;1;1
T0890-EscalPrivileges-NetLogon_[2].pcapng;2030871;4;1;1
T0890-EscalPrivileges-NetLogon_[2].pcapng;2030889;4;1;1
T0890-EscalPrivileges-NetLogon_[2].pcapng;2035260;4;1;1
T0890-EscalPrivileges-NetLogon_[2].pcapng;2035262;4;1;1
T0846-DiscoveryNmap-S7_[1].pcapng;2002752;4;0;0
T0846-DiscoveryNmap-S7_[1].pcapng;2002749;4;0;0
T0846-DiscoveryNmap-S7_[1].pcapng;2027397;4;0;1
T0846-DiscoveryNmap-Modbus_[1].pcapng;15071;4;1;1
T0846-DiscoveryNmap-Modbus_[1].pcapng;17798;4;1;1
T0846-DiscoveryNmap-Modbus_[1].pcapng;17799;4;1;1
T0846-DiscoveryNmap-Modbus_[1].pcapng;2002752;4;0;0
T0846-DiscoveryNmap-Modbus_[1].pcapng;2002749;4;0;0
T0846-DiscoverMetasp-Modbus_[1].pcapng;15071;4;1;1
T0846-DiscoverMetasp-Modbus_[1].pcapng;17789;4;1;1
T0846-DiscoverMetasp-Modbus_[1].pcapng;2002752;4;0;0
T0846-DiscoverMetasp-Modbus_[1].pcapng;2002749;4;0;0
T0888-DiscverFindID-Modbus_[1].pcapng / T0888-DiscverCoils-Modbus_[1].pcapng / T0888-DiscverRegisters-Modbus_[1].pcapng / T0888-DiscverRegisters2-Modbus_[1].pcapng;17788;4;1;1
T0888-DiscverFindID-Modbus_[1].pcapng / T0888-DiscverCoils-Modbus_[1].pcapng / T0888-DiscverRegisters-Modbus_[1].pcapng / T0888-DiscverRegisters2-Modbus_[1].pcapng;15071;4;1;1
T0888-DiscverFindID-Modbus_[1].pcapng / T0888-DiscverCoils-Modbus_[1].pcapng / T0888-DiscverRegisters-Modbus_[1].pcapng / T0888-DiscverRegisters2-Modbus_[1].pcapng;17789;4;1;1
T0888-DiscverFindID-Modbus_[1].pcapng / T0888-DiscverCoils-Modbus_[1].pcapng / T0888-DiscverRegisters-Modbus_[1].pcapng / T0888-DiscverRegisters2-Modbus_[1].pcapng;17790;4;1;1
T0888-DiscverFindID-Modbus_[1].pcapng / T0888-DiscverCoils-Modbus_[1].pcapng / T0888-DiscverRegisters-Modbus_[1].pcapng / T0888-DiscverRegisters2-Modbus_[1].pcapng;2002752;4;0;0
T0888-DiscverFindID-Modbus_[1].pcapng / T0888-DiscverCoils-Modbus_[1].pcapng / T0888-DiscverRegisters-Modbus_[1].pcapng / T0888-DiscverRegisters2-Modbus_[1].pcapng;2002749;4;0;0
T0888-DiscoverInfo-DNP3_[1].pcapng;1917;4;0;0
T0888-DiscoverInfo-DNP3_[1].pcapng;2002752;4;0;0
T0888-DiscoverInfo-DNP3_[1].pcapng;2002749;4;0;0
T0846-Discovery-BacNet_[2].pcap ;2027397;4;0;1
T0846-Discovery-BacNet_[2].pcap ;2002752;4;0;0
T0846-Discovery-BacNet_[2].pcap ;2002749;4;0;0
T0846-Discovery-IEC104_[2].pcapng;1917;4;0;0
T0846-Discovery-IEC104_[2].pcapng;41048;4;1;1
T0846-Discovery-IEC104_[2].pcapng;41052;4;1;1
T0846-Discovery-IEC104_[2].pcapng;41055;4;1;1
T0846-Discovery-IEC104_[2].pcapng;41058;4;1;1
T0846-Discovery-IEC104_[2].pcapng;41070;4;1;1
T0846-Discovery-IEC104_[2].pcapng;52150;4;1;1
T0846-Discovery-IEC104_[2].pcapng;52185;4;1;1
T0846-Discovery-IEC104_[2].pcapng;52191;4;1;1
T0846-Discovery-IEC104_[2].pcapng;2009582;4;1;1
T0846-Discovery-IEC104_[2].pcapng;2002752;4;0;0
T0846-Discovery-IEC104_[2].pcapng;2002749;4;0;0
T0846-Discovery-IEC104_[2].pcapng;2027397;4;0;1
T0888-ScanInfo-MQTT_[2].pcap / T0888-ScanInfo-MQTT-noAuth_[2].pcap;2002749;4;0;0
T0888-ScanInfo-MQTT_[2].pcap / T0888-ScanInfo-MQTT-noAuth_[2].pcap;2002752;4;0;0
T0888-ScanInfo-OPCUA-Nmap_[2].pcapng;1390;4;0;1
T0888-ScanInfo-OPCUA-Nmap_[2].pcapng;1917;4;0;0
T0888-ScanInfo-OPCUA-Nmap_[2].pcapng;24378;4;1;1
T0888-ScanInfo-OPCUA-Nmap_[2].pcapng;29456;4;1;1
T0888-ScanInfo-OPCUA-Nmap_[2].pcapng;365;4;1;1
T0888-ScanInfo-OPCUA-Nmap_[2].pcapng;384;4;1;1
T0888-ScanInfo-OPCUA-Nmap_[2].pcapng;408;4;1;1
T0888-ScanInfo-OPCUA-Nmap_[2].pcapng;51065;4;1;1
T0888-ScanInfo-OPCUA-Nmap_[2].pcapng;51066;4;1;1
T0888-ScanInfo-OPCUA-Nmap_[2].pcapng;2002749;4;0;0
T0888-ScanInfo-OPCUA-Nmap_[2].pcapng;2002752;4;0;0
T0888-ScanInfo-OPCUA-Nmap_[2].pcapng;2009582;4;1;1
T0888-ScanInfo-OPCUA-Nmap_[2].pcapng;2018489;4;1;1
T0888-ScanInfo-OPCUA-Nmap_[2].pcapng;2027768;4;0;1
T0888-ScanInfo-OPCUA-Nmap_[2].pcapng;2027770;4;0;1
T0888-ScanInfo-OPCUA-Nmap_[2].pcapng;2100365;4;1;1
T0888-ScanInfo-OPCUA-Nmap_[2].pcapng;2100384;4;1;1
T0888-ScanInfo-OPCUA-Nmap_[2].pcapng;2100408;4;1;1
T0888-ScanInfo-OPCUA-Nmap_[2].pcapng;2100629;4;1;1
T0888-ScanInfo-OPCUA-Nmap_[2].pcapng;2101228;4;1;1
T0888-ScanInfo-OPCUA-Nmap_[2].pcapng;2101390;4;0;1
T0888-ScanInfo-OPCUA-OpcScan_[2].pcapng;2002752;4;0;0
T0888-ScanInfo-OPCUA-OpcScan_[2].pcapng;2002749;4;0;0
T0843-ProgDownload-IEC104_[2].pcapng;1917;4;0;0
T0843-ProgDownload-IEC104_[2].pcapng;41047;4;1;1
T0843-ProgDownload-IEC104_[2].pcapng;41048;4;1;1
T0843-ProgDownload-IEC104_[2].pcapng;41051;4;1;1
T0843-ProgDownload-IEC104_[2].pcapng;41052;4;1;1
T0843-ProgDownload-IEC104_[2].pcapng;41053;4;1;1
T0843-ProgDownload-IEC104_[2].pcapng;41054;4;1;1
T0843-ProgDownload-IEC104_[2].pcapng;41055;4;1;1
T0843-ProgDownload-IEC104_[2].pcapng;41056;4;1;1
T0843-ProgDownload-IEC104_[2].pcapng;41057;4;1;1
T0843-ProgDownload-IEC104_[2].pcapng;41058;4;1;1
T0843-ProgDownload-IEC104_[2].pcapng;41059;4;1;1
T0843-ProgDownload-IEC104_[2].pcapng;41060;4;1;1
T0843-ProgDownload-IEC104_[2].pcapng;41061;4;1;1
T0843-ProgDownload-IEC104_[2].pcapng;41062;4;1;1
T0843-ProgDownload-IEC104_[2].pcapng;41063;4;1;1
T0843-ProgDownload-IEC104_[2].pcapng;41064;4;1;1
T0843-ProgDownload-IEC104_[2].pcapng;41065;4;1;1
T0843-ProgDownload-IEC104_[2].pcapng;41066;4;1;1
T0843-ProgDownload-IEC104_[2].pcapng;41067;4;1;1
T0843-ProgDownload-IEC104_[2].pcapng;41068;4;1;1
T0843-ProgDownload-IEC104_[2].pcapng;41069;4;1;1
T0843-ProgDownload-IEC104_[2].pcapng;41070;4;1;1
T0843-ProgDownload-IEC104_[2].pcapng;41071;4;1;1
T0843-ProgDownload-IEC104_[2].pcapng;41072;4;1;1
T0843-ProgDownload-IEC104_[2].pcapng;41073;4;1;1
T0843-ProgDownload-IEC104_[2].pcapng;41074;4;1;1
T0843-ProgDownload-IEC104_[2].pcapng;41075;4;1;1
T0843-ProgDownload-IEC104_[2].pcapng;41076;4;1;1
T0843-ProgDownload-IEC104_[2].pcapng;41077;4;1;1
T0843-ProgDownload-IEC104_[2].pcapng;41078;4;1;1
T0843-ProgDownload-IEC104_[2].pcapng;41079;4;1;1
T0843-ProgDownload-IEC104_[2].pcapng;52150;4;1;1
T0843-ProgDownload-IEC104_[2].pcapng;52151;4;1;1
T0843-ProgDownload-IEC104_[2].pcapng;52154;4;1;1
T0843-ProgDownload-IEC104_[2].pcapng;52155;4;1;1
T0843-ProgDownload-IEC104_[2].pcapng;52158;4;1;1
T0843-ProgDownload-IEC104_[2].pcapng;52187;4;1;1
T0843-ProgDownload-IEC104_[2].pcapng;52189;4;1;1
T0843-ProgDownload-IEC104_[2].pcapng;52191;4;1;1
T0843-ProgDownload-IEC104_[2].pcapng;52192;4;1;1
T0843-ProgDownload-IEC104_[2].pcapng;52195;4;1;1
T0843-ProgDownload-IEC104_[2].pcapng;52196;4;1;1
T0843-ProgDownload-IEC104_[2].pcapng;52198;4;1;1
T0843-ProgDownload-IEC104_[2].pcapng;52199;4;1;1
T0843-ProgDownload-IEC104_[2].pcapng;52200;4;1;1
T0843-ProgDownload-IEC104_[2].pcapng;52201;4;1;1
T0843-ProgDownload-IEC104_[2].pcapng;2002752;4;0;0
T0843-ProgDownload-IEC104_[2].pcapng;2002749;4;0;0
T0843-ProgDownload-IEC104_[2].pcapng;2046160;4;1;1
T0843-ProgDownload-IEC104_[2].pcapng;2046161;4;1;1
T0843-ProgDownload-IEC104_[2].pcapng;2046165;4;1;1
T0843-ProgDownload-IEC104_[2].pcapng;2046164;4;1;1
T0843-ProgDownload-IEC104_[2].pcapng;2046158;4;1;1
T0843-ProgDownload-IEC104_[2].pcapng;2046159;4;1;1
T0886-BruteForce-MQTT_[2].pcapng;2002752;4;0;0
T0886-BruteForce-MQTT_[2].pcapng;2002749;4;0;0
T0843-FileRead-DNP3-FIXED_[1].pcapng / T0843-FileWrite-DNP3-FIXED_[1].pcapng;1917;4;0;0
T0843-FileRead-DNP3-FIXED_[1].pcapng / T0843-FileWrite-DNP3-FIXED_[1].pcapng;2002752;4;0;0
T0843-FileRead-DNP3-FIXED_[1].pcapng / T0843-FileWrite-DNP3-FIXED_[1].pcapng;2002749;4;0;0
T0843-FileDownload-Modbus_[1].pcapng / T0843-FileUpload-Modbus_[1].pcapng;17790;4;1;1
T0843-FileDownload-Modbus_[1].pcapng / T0843-FileUpload-Modbus_[1].pcapng;17782;4;1;1
T0843-FileDownload-Modbus_[1].pcapng / T0843-FileUpload-Modbus_[1].pcapng;2002752;4;0;0
T0843-FileDownload-Modbus_[1].pcapng / T0843-FileUpload-Modbus_[1].pcapng;2002749;4;0;0
T0802-AutoCollect-OPCUA_[2].pcapng;1917;4;0;0
T0802-AutoCollect-OPCUA_[2].pcapng;2002752;4;0;0
T0802-AutoCollect-OPCUA_[2].pcapng;2002749;4;0;0
T0830-MITM-BacNet-FIXED_[2].pcapng;1384;4;0;1
T0830-MITM-BacNet-FIXED_[2].pcapng;1917;4;0;0
T0830-MITM-BacNet-FIXED_[2].pcapng;24301;4;0;1
T0830-MITM-BacNet-FIXED_[2].pcapng;51037;4;0;1
T0830-MITM-BacNet-FIXED_[2].pcapng;29456;4;1;1
T0830-MITM-BacNet-FIXED_[2].pcapng;384;4;1;1
T0830-MITM-BacNet-FIXED_[2].pcapng;408;4;1;1
T0830-MITM-BacNet-FIXED_[2].pcapng;2002749;4;0;0
T0830-MITM-BacNet-FIXED_[2].pcapng;2002752;4;0;0
T0830-MITM-BacNet-FIXED_[2].pcapng;2009206;4;0;0
T0830-MITM-BacNet-FIXED_[2].pcapng;2009207;4;0;0
T0830-MITM-BacNet-FIXED_[2].pcapng;2100384;4;1;1
T0830-MITM-BacNet-FIXED_[2].pcapng;2100408;4;1;1
T0830-MITM-BacNet-FIXED_[2].pcapng;2100469;4;0;1
T0830-MITM-BacNet-FIXED_[2].pcapng;2100527;4;0;0
T0802-AutoCollect-SNMP_[1].pcapng;1411;4;1;1
T0802-AutoCollect-SNMP_[1].pcapng;1417;4;1;1
T0802-AutoCollect-SNMP_[1].pcapng;2101411;4;1;1
T0802-AutoCollect-SNMP_[1].pcapng;2101417;4;1;1
T0802-AutoCollect-SNMP_[1].pcapng;2002752;4;0;0
T0802-AutoCollect-SNMP_[1].pcapng;2002749;4;0;0
T0809-DataDestroy-OMRON_[2].pcapng;1390;4;0;1
T0809-DataDestroy-OMRON_[2].pcapng;1394;4;0;1
T0809-DataDestroy-OMRON_[2].pcapng;15389;4;1;1
T0809-DataDestroy-OMRON_[2].pcapng;15390;4;1;1
T0809-DataDestroy-OMRON_[2].pcapng;15391;4;1;1
T0809-DataDestroy-OMRON_[2].pcapng;15392;4;1;1
T0809-DataDestroy-OMRON_[2].pcapng;15393;4;1;1
T0809-DataDestroy-OMRON_[2].pcapng;15394;4;1;1
T0809-DataDestroy-OMRON_[2].pcapng;15395;4;1;1
T0809-DataDestroy-OMRON_[2].pcapng;15396;4;1;1
T0809-DataDestroy-OMRON_[2].pcapng;15397;4;1;1
T0809-DataDestroy-OMRON_[2].pcapng;15398;4;1;1
T0809-DataDestroy-OMRON_[2].pcapng;15399;4;1;1
T0809-DataDestroy-OMRON_[2].pcapng;15400;4;1;1
T0809-DataDestroy-OMRON_[2].pcapng;15401;4;1;1
T0809-DataDestroy-OMRON_[2].pcapng;15402;4;1;1
T0809-DataDestroy-OMRON_[2].pcapng;15403;4;1;1
T0809-DataDestroy-OMRON_[2].pcapng;15404;4;1;1
T0809-DataDestroy-OMRON_[2].pcapng;15405;4;1;1
T0809-DataDestroy-OMRON_[2].pcapng;15406;4;1;1
T0809-DataDestroy-OMRON_[2].pcapng;15407;4;1;1
T0809-DataDestroy-OMRON_[2].pcapng;15408;4;1;1
T0809-DataDestroy-OMRON_[2].pcapng;15410;4;1;1
T0809-DataDestroy-OMRON_[2].pcapng;15411;4;1;1
T0809-DataDestroy-OMRON_[2].pcapng;15412;4;1;1
T0814-DoS-OPCUA_[2].pcap;2002752;4;0;0
T0814-DoS-OPCUA_[2].pcap;2002749;4;0;0
T0816-RestartAllenBradley-SNMP_[2].pcapng;39876;4;1;1
T0816-RestartAllenBradley-SNMP_[2].pcapng;39877;4;1;1
T0816-RestartAllenBradley-SNMP_[2].pcapng;402;4;0;1
T0816-RestartAllenBradley-SNMP_[2].pcapng;44663;4;0;1
T0816-RestartAllenBradley-SNMP_[2].pcapng;2002752;4;0;0
T0816-RestartAllenBradley-SNMP_[2].pcapng;2002749;4;0;0
T0816-RestartAllenBradley-SNMP_[2].pcapng;2100402;4;0;1
T0816-RestartAllenBradley-SNMP_[2].pcapng;2101417;4;1;1
T0816-StopCommand-S7Comm_[2].pcapng;2002749;4;0;0
T0816-StopCommand-S7Comm_[2].pcapng;2002752;4;0;0
T0814-DoS-PCC_[1].pcapng;402;4;0;1
T0814-DoS-PCC_[1].pcapng;2002752;4;0;0
T0814-DoS-PCC_[1].pcapng;2002749;4;0;0
T0814-DoS-PCC_[1].pcapng;2013491;4;0;1
T0814-DoS-PCC_[1].pcapng;2013490;4;0;1
T0814-DoS-PCC_[1].pcapng;2009768;4;0;1
T0814-DoS-PCC_[1].pcapng;2100402;4;0;1
T0814-DoS-PCC_[1].pcapng;2026917;4;1;1
T0816-ShtDownAllenBradley-CIP_[1].pcapng;402;4;0;1
T0816-ShtDownAllenBradley-CIP_[1].pcapng;40518;4;1;1
T0816-ShtDownAllenBradley-CIP_[1].pcapng;2002752;4;0;0
T0816-ShtDownAllenBradley-CIP_[1].pcapng;2002749;4;0;0
T0816-ShtDownAllenBradley-CIP_[1].pcapng;2013491;4;0;1
T0816-ShtDownAllenBradley-CIP_[1].pcapng;2013490;4;0;1
T0816-ShtDownAllenBradley-CIP_[1].pcapng;2009768;4;0;1
T0816-ShtDownAllenBradley-CIP_[1].pcapng;2100402;4;0;1
T0816-ShtDownAllenBradley-CIP_[1].pcapng;2009767;4;0;1
T0816-ShutDown-Modbus_[1].pcapng;17785;4;1;1
T0816-ShutDown-Modbus_[1].pcapng;2002752;4;0;0
T0816-ShutDown-Modbus_[1].pcapng;2002749;4;0;0
T0836-ModifyParam-OmronFINS_[2].pcapng;15389;4;1;1
T0836-ModifyParam-OmronFINS_[2].pcapng;15390;4;1;1
T0836-ModifyParam-OmronFINS_[2].pcapng;15391;4;1;1
T0836-ModifyParam-OmronFINS_[2].pcapng;2002752;4;0;0
T0836-ModifyParam-OmronFINS_[2].pcapng;2002749;4;0;0
T0836-ModifParam-Modbus_[1].pcapng;17783;4;1;1
T0836-ModifParam-Modbus_[1].pcapng;2002752;4;0;0
T0836-ModifParam-Modbus_[1].pcapng;2002749;4;0;0
T0836-ModifParam-S7_[1].pcapng;2002752;4;0;0
T0836-ModifParam-S7_[1].pcapng;2002749;4;0;0
T0885-C&Cp502RWin-TCP_[1].pcapng / T0885-C&Cp502RWin-TCP-2_[1].pcapng / T0885-C&Cp502RWin-TCP-3_[1].pcapng;15071;4;1;1
T0885-C&Cp502RWin-TCP_[1].pcapng / T0885-C&Cp502RWin-TCP-2_[1].pcapng / T0885-C&Cp502RWin-TCP-3_[1].pcapng;1917;4;0;0
T0885-C&Cp502RWin-TCP_[1].pcapng / T0885-C&Cp502RWin-TCP-2_[1].pcapng / T0885-C&Cp502RWin-TCP-3_[1].pcapng;18659;4;1;1
T0885-C&Cp502RWin-TCP_[1].pcapng / T0885-C&Cp502RWin-TCP-2_[1].pcapng / T0885-C&Cp502RWin-TCP-3_[1].pcapng;58160;4;1;1
T0885-C&Cp502RWin-TCP_[1].pcapng / T0885-C&Cp502RWin-TCP-2_[1].pcapng / T0885-C&Cp502RWin-TCP-3_[1].pcapng;2002752;4;0;0
T0885-C&Cp502RWin-TCP_[1].pcapng / T0885-C&Cp502RWin-TCP-2_[1].pcapng / T0885-C&Cp502RWin-TCP-3_[1].pcapng;2002749;4;0;0
T0885-C&Cp502RWin-TCP_[1].pcapng / T0885-C&Cp502RWin-TCP-2_[1].pcapng / T0885-C&Cp502RWin-TCP-3_[1].pcapng;2011976;4;1;1
T0885-C&Cp502RWin-TCP_[1].pcapng / T0885-C&Cp502RWin-TCP-2_[1].pcapng / T0885-C&Cp502RWin-TCP-3_[1].pcapng;2035480;4;1;1
T0885-C&Cp502RWin-TCP_[1].pcapng / T0885-C&Cp502RWin-TCP-2_[1].pcapng / T0885-C&Cp502RWin-TCP-3_[1].pcapng;2000419;4;1;1
T0885-C&Cp502RWin-TCP_[1].pcapng / T0885-C&Cp502RWin-TCP-2_[1].pcapng / T0885-C&Cp502RWin-TCP-3_[1].pcapng;2025644;4;1;1
T0885-C&Cp502Ignition-HTTP_[1].pcapng;15071;4;1;1
T0885-C&Cp502Ignition-HTTP_[1].pcapng;50447;4;1;1
T0885-C&Cp502Ignition-HTTP_[1].pcapng;1917;4;0;0
T0885-C&Cp502Ignition-HTTP_[1].pcapng;58160;4;1;1
T0885-C&Cp502Ignition-HTTP_[1].pcapng;2002752;4;0;0
T0885-C&Cp502Ignition-HTTP_[1].pcapng;2002749;4;0;0
T0885-C&Cp502Ignition-HTTP_[1].pcapng;2006408;4;1;1
T0885-C&Cp502Ignition-HTTP_[1].pcapng;2010706;4;0;1
T0885-C&Cp502Ignition-HTTP_[1].pcapng;2006409;4;1;1
T0885-C&Cp502Ignition-HTTP_[1].pcapng;2018358;4;1;1
T0885-C&Cp502Ignition-HTTP_[1].pcapng;2035480;4;1;1
T0885-C&Cp502Ignition-HTTP_[1].pcapng;2000419;4;1;1
T0885-C&Cp502Ignition-HTTP_[1].pcapng;2025644;4;1;1
T0885-C&Cp20000RWin-TCP_[1].pcapng;18659;4;1;1
T0885-C&Cp20000RWin-TCP_[1].pcapng;5816;4;1;1
T0885-C&Cp20000RWin-TCP_[1].pcapng;2002752;4;0;0
T0885-C&Cp20000RWin-TCP_[1].pcapng;2002749;4;0;0
T0885-C&Cp20000RWin-TCP_[1].pcapng;2011976;4;1;1
T0885-C&Cp20000RWin-TCP_[1].pcapng;2035480;4;1;1
T0885-C&Cp20000RWin-TCP_[1].pcapng;2000419;4;1;1
T0885-C&Cp20000RWin-TCP_[1].pcapng;2025644;4;1;1
T0885-C&Cp102Ignition-TCP_[1].pcapng;50447;4;1;1
T0885-C&Cp102Ignition-TCP_[1].pcapng;58160;4;1;1
T0885-C&Cp102Ignition-TCP_[1].pcapng;2002752;4;0;0
T0885-C&Cp102Ignition-TCP_[1].pcapng;2002749;4;0;0
T0885-C&Cp102Ignition-TCP_[1].pcapng;2006408;4;1;1
T0885-C&Cp102Ignition-TCP_[1].pcapng;2010706;4;0;1
T0885-C&Cp102Ignition-TCP_[1].pcapng;2006409;4;1;1
T0885-C&Cp102Ignition-TCP_[1].pcapng;2018358;4;1;1
T0885-C&Cp102Ignition-TCP_[1].pcapng;2035480;4;1;1
T0885-C&Cp102Ignition-TCP_[1].pcapng;2000419;4;1;1
T0885-C&Cp102Ignition-TCP_[1].pcapng;2025644;4;1;1
T0831-Modifparam-IEC104_[2].pcapng;1917;4;0;0
T0831-Modifparam-IEC104_[2].pcapng;41047;4;1;1
T0831-Modifparam-IEC104_[2].pcapng;41048;4;1;1
T0831-Modifparam-IEC104_[2].pcapng;41051;4;1;1
T0831-Modifparam-IEC104_[2].pcapng;41052;4;1;1
T0831-Modifparam-IEC104_[2].pcapng;41054;4;1;1
T0831-Modifparam-IEC104_[2].pcapng;41058;4;1;1
T0831-Modifparam-IEC104_[2].pcapng;41061;4;1;1
T0831-Modifparam-IEC104_[2].pcapng;41063;4;1;1
T0831-Modifparam-IEC104_[2].pcapng;41069;4;1;1
T0831-Modifparam-IEC104_[2].pcapng;41070;4;1;1
T0831-Modifparam-IEC104_[2].pcapng;41074;4;1;1
T0831-Modifparam-IEC104_[2].pcapng;41075;4;1;1
T0831-Modifparam-IEC104_[2].pcapng;41078;4;1;1
T0831-Modifparam-IEC104_[2].pcapng;41079;4;1;1
T0831-Modifparam-IEC104_[2].pcapng;52150;4;1;1
T0831-Modifparam-IEC104_[2].pcapng;52151;4;1;1
T0831-Modifparam-IEC104_[2].pcapng;52154;4;1;1
T0831-Modifparam-IEC104_[2].pcapng;52155;4;1;1
T0831-Modifparam-IEC104_[2].pcapng;52158;4;1;1
T0831-Modifparam-IEC104_[2].pcapng;52171;4;1;1
T0831-Modifparam-IEC104_[2].pcapng;52176;4;1;1
T0831-Modifparam-IEC104_[2].pcapng;52187;4;1;1
T0831-Modifparam-IEC104_[2].pcapng;52189;4;1;1
T0831-Modifparam-IEC104_[2].pcapng;52191;4;1;1
T0831-Modifparam-IEC104_[2].pcapng;52192;4;1;1
T0831-Modifparam-IEC104_[2].pcapng;2002752;4;0;0
T0831-Modifparam-IEC104_[2].pcapng;2002749;4;0;0
T0831-Modifparam-IEC104_[2].pcapng;2046160;4;1;1
T0831-Modifparam-IEC104_[2].pcapng;2046161;4;1;1
T0831-Modifparam-IEC104_[2].pcapng;2046164;4;1;1
T0831-Modifparam-IEC104_[2].pcapng;2046165;4;1;1
T0831-Modifparam-IEC104_[2].pcapng;2027397;4;0;1
T0831-Modifparam-IEC104_[2].pcapng;2046158;4;1;1
T0831-Modifparam-IEC104_[2].pcapng;2046159;4;1;1
T0882-DirectoryRead-IEC104_[2].pcapng;41047;4;1;1
T0882-DirectoryRead-IEC104_[2].pcapng;41048;4;1;1
T0882-DirectoryRead-IEC104_[2].pcapng;41055;4;1;1
T0882-DirectoryRead-IEC104_[2].pcapng;41058;4;1;1
T0882-DirectoryRead-IEC104_[2].pcapng;41060;4;1;1
T0882-DirectoryRead-IEC104_[2].pcapng;41070;4;1;1
T0882-DirectoryRead-IEC104_[2].pcapng;41074;4;1;1
T0882-DirectoryRead-IEC104_[2].pcapng;41075;4;1;1
T0882-DirectoryRead-IEC104_[2].pcapng;41078;4;1;1
T0882-DirectoryRead-IEC104_[2].pcapng;41079;4;1;1
T0882-DirectoryRead-IEC104_[2].pcapng;52150;4;1;1
T0882-DirectoryRead-IEC104_[2].pcapng;52185;4;1;1
T0882-DirectoryRead-IEC104_[2].pcapng;52189;4;1;1
T0882-DirectoryRead-IEC104_[2].pcapng;52191;4;1;1
T0882-DirectoryRead-IEC104_[2].pcapng;52192;4;1;1
T0882-DirectoryRead-IEC104_[2].pcapng;52199;4;1;1
T0882-DirectoryRead-IEC104_[2].pcapng;52202;4;1;1
T0882-DirectoryRead-IEC104_[2].pcapng;2002752;4;0;0
T0882-DirectoryRead-IEC104_[2].pcapng;2002749;4;0;0
T0882-DirectoryRead-IEC104_[2].pcapng;2046160;4;1;1
T0882-DirectoryRead-IEC104_[2].pcapng;2046161;4;1;1
T0882-DirectoryRead-IEC104_[2].pcapng;2046165;4;1;1
T0882-DirectoryRead-IEC104_[2].pcapng;2046164;4;1;1
T0882-DirectoryRead-IEC104_[2].pcapng;2027397;4;0;1
T0831-ModifParam-DNP3_[1].pcapng;1917;4;0;0
T0831-ModifParam-DNP3_[1].pcapng;2002752;4;0;0
T0831-ModifParam-DNP3_[1].pcapng;2002749;4;0;0
T0882-DirRead-DNP3-FIXED_[1].pcapng;1917;4;0;0
T0882-DirRead-DNP3-FIXED_[1].pcapng;2002752;4;0;0
T0882-DirRead-DNP3-FIXED_[1].pcapng;2002749;4;0;0
dnp3_test_data_part1[3].pcapng ;15718;4;1;1
dnp3_test_data_part2[3].pcapng ;2002752;4;0;0
dnp3_test_data_part2[3].pcapng ;2002749;4;0;0
dnp3_test_data_part2[3].pcapng ;15717;4;1;1
dnp3_test_data_part2[3].pcapng ;15718;4;1;1
dnp3_test_data_part2[3].pcapng ;15713;4;1;1
modbus_test_data_part1[3].pcapng ;17795;4;1;1
modbus_test_data_part1[3].pcapng ;15071;4;1;1
modbus_test_data_part1[3].pcapng ;17799;4;1;1
modbus_test_data_part1[3].pcapng ;17798;4;1;1
modbus_test_data_part1[3].pcapng ;17788;4;1;1
modbus_test_data_part1[3].pcapng ;17790;4;1;1
modbus_test_data_part1[3].pcapng ;17784;4;1;1
modbus_test_data_part1[3].pcapng ;17783;4;1;1
modbus_test_data_part2[3].pcapng ;2002749;4;0;0
modbus_test_data_part2[3].pcapng ;15071;4;1;1
modbus_test_data_part2[3].pcapng ;29965;4;0;1
modbus_test_data_part2[3].pcapng ;17788;4;1;1
modbus_test_data_part2[3].pcapng ;17787;4;1;1
modbus_test_data_part2[3].pcapng ;17790;4;1;1
modbus_test_data_part2[3].pcapng ;17789;4;1;1
modbus_test_data_part2[3].pcapng ;17784;4;1;1
modbus_test_data_part2[3].pcapng ;17783;4;1;1
modbus_test_data_part2[3].pcapng ;17794;4;1;1
modbus_test_data_part2[3].pcapng ;17795;4;1;1
modbus_test_data_part2[3].pcapng ;17796;4;1;1
modbus_test_data_part2[3].pcapng ;17797;4;1;1
modbus_test_data_part2[3].pcapng ;17785;4;1;1
modbus_test_data_part2[3].pcapng ;17782;4;1;1
modbus_test_data_part2[3].pcapng ;17799;4;1;1
modbus_test_data_part2[3].pcapng ;17798;4;1;1
modbus_test_data_part2[3].pcapng ;17793;4;1;1
modbus_test_data_part2[3].pcapng ;30819;4;1;1
modbus_test_data_part2[3].pcapng ;30816;4;1;1
modbus_test_data_part2[3].pcapng ;17786;4;1;1
modbus_test_data_part2[3].pcapng ;17800;4;1;1
modbus_test_data_part2[3].pcapng ;17791;4;1;1
modbus_test_data_part2[3].pcapng ;17792;4;1;1
modbus_test_data_part2[3].pcapng ;29319;4;1;1
modbus_test_data_part2[3].pcapng ;15074;4;1;1
modbus_test_data_part2[3].pcapng ;15075;4;1;1
modicon_test[3].pcapng ;2002752;4;0;0
modicon_test[3].pcapng ;2002749;4;0;0
modicon_test[3].pcapng ;42861;4;0;1
s7_test[3].pcapng ;2002752;4;0;0
s7_test[3].pcapng ;2002749;4;0;0
T0848-RogueMaster-DNP3-FIXED_[1].pcapng;1111202;5;1;1
T0848-RogueMaster-DNP3-FIXED_[1].pcapng;1111206;5;1;1
T0848-RogueMaster-DNP3-FIXED_[1].pcapng;1111207;5;1;1
T0848-RogueMaster-DNP3-FIXED_[1].pcapng;1111208;5;1;1
T0848-RogueMaster-DNP3-FIXED_[1].pcapng;1111205;5;1;1
T0848-RogueMaster-DNP3-FIXED_[1].pcapng;1111210;5;1;1
T0846-DiscoveryNmap-Modbus_[1].pcapng;1111004;5;1;1
T0846-DiscoveryNmap-Modbus_[1].pcapng;1111005;5;1;1
T0846-DiscoverMetasp-Modbus_[1].pcapng;1111006;5;1;1
T0888-DiscverFindID-Modbus_[1].pcapng / T0888-DiscverCoils-Modbus_[1].pcapng / T0888-DiscverRegisters-Modbus_[1].pcapng / T0888-DiscverRegisters2-Modbus_[1].pcapng;1111006;5;1;1
T0888-DiscoverInfo-DNP3_[1].pcapng;1111206;5;1;1
T0888-DiscoverInfo-DNP3_[1].pcapng;1111207;5;1;1
T0888-DiscoverInfo-DNP3_[1].pcapng;1111202;5;1;1
T0846-Discovery-BacNet_[2].pcap ;1111705;5;1;1
T0846-Discovery-BacNet_[2].pcap ;1111704;5;1;1
T0888-ScanInfo-OmronFINS_[2].pcapng;1111403;5;1;1
T0888-ScanInfo-OmronFINS_[2].pcapng;1111401;5;1;1
T0888-ScanInfo-OmronFINS_[2].pcapng;1111404;5;1;1
T0888-ScanInfo-OmronFINS_[2].pcapng;1111402;5;1;1
T0843-FileRead-DNP3-FIXED_[1].pcapng / T0843-FileWrite-DNP3-FIXED_[1].pcapng;1111202;5;1;1
T0843-FileRead-DNP3-FIXED_[1].pcapng / T0843-FileWrite-DNP3-FIXED_[1].pcapng;1111206;5;1;1
T0843-FileRead-DNP3-FIXED_[1].pcapng / T0843-FileWrite-DNP3-FIXED_[1].pcapng;1111207;5;1;1
T0843-FileRead-DNP3-FIXED_[1].pcapng / T0843-FileWrite-DNP3-FIXED_[1].pcapng;1111210;5;1;1
T0843-FileRead-DNP3-FIXED_[1].pcapng / T0843-FileWrite-DNP3-FIXED_[1].pcapng;1111209;5;1;1
T0843-FileRead-DNP3-FIXED_[1].pcapng / T0843-FileWrite-DNP3-FIXED_[1].pcapng;1111208;5;1;1
T0843-FileRead-DNP3-FIXED_[1].pcapng / T0843-FileWrite-DNP3-FIXED_[1].pcapng;1111205;5;1;1
T0843-FileRead-DNP3-FIXED_[1].pcapng / T0843-FileWrite-DNP3-FIXED_[1].pcapng;1111201;5;1;1
T0843-FileDownload-Modbus_[1].pcapng / T0843-FileUpload-Modbus_[1].pcapng;1111006;5;1;1
T0843-FileDownload-Modbus_[1].pcapng / T0843-FileUpload-Modbus_[1].pcapng;1111007;5;1;1
T0830-MITM-BacNet-FIXED_[2].pcapng;1111705;5;1;1
T0830-MITM-BacNet-FIXED_[2].pcapng;1111704;5;1;1
T0809-DataDestroy-OMRON_[2].pcapng;1111402;5;1;1
T0809-DataDestroy-OMRON_[2].pcapng;1111404;5;1;1
T0816-ShutDown-Modbus_[1].pcapng;1111007;5;1;1
T0836-ModifParam-Modbus_[1].pcapng;1111006;5;1;1
T0885-C&Cp502RWin-TCP_[1].pcapng / T0885-C&Cp502RWin-TCP-2_[1].pcapng / T0885-C&Cp502RWin-TCP-3_[1].pcapng;1111008;5;1;1
T0885-C&Cp502RWin-TCP_[1].pcapng / T0885-C&Cp502RWin-TCP-2_[1].pcapng / T0885-C&Cp502RWin-TCP-3_[1].pcapng;1111009;5;1;1
T0885-C&Cp502RWin-TCP_[1].pcapng / T0885-C&Cp502RWin-TCP-2_[1].pcapng / T0885-C&Cp502RWin-TCP-3_[1].pcapng;1111012;5;1;1
T0885-C&Cp502Ignition-HTTP_[1].pcapng;1111008;5;1;1
T0885-C&Cp502Ignition-HTTP_[1].pcapng;1111009;5;1;1
T0885-C&Cp502Ignition-HTTP_[1].pcapng;1111012;5;1;1
T0885-C&Cp20000RWin-TCP_[1].pcapng;1111202;5;1;1
T0831-ModifParam-DNP3_[1].pcapng;1111202;5;1;1
T0831-ModifParam-DNP3_[1].pcapng;1111206;5;1;1
T0831-ModifParam-DNP3_[1].pcapng;1111207;5;1;1
T0882-DirRead-DNP3-FIXED_[1].pcapng;1111202;5;1;1
T0882-DirRead-DNP3-FIXED_[1].pcapng;1111208;5;1;1
T0882-DirRead-DNP3-FIXED_[1].pcapng;1111206;5;1;1
bacnet_test[3].pcapng ;1111705;5;1;1
bacnet_test[3].pcapng ;1111704;5;1;1
bacnet_test[3].pcapng ;1111709;5;1;1
bacnet_test[3].pcapng ;1111708;5;1;1
bacnet_test[3].pcapng ;1111703;5;1;1
bacnet_test[3].pcapng ;1111702;5;1;1
bacnet_test[3].pcapng ;1111701;5;1;1
dnp3_test_data_part1[3].pcapng ;1111202;5;1;1
dnp3_test_data_part1[3].pcapng ;1111208;5;1;1
dnp3_test_data_part1[3].pcapng ;1111207;5;1;1
dnp3_test_data_part1[3].pcapng ;1111201;5;1;1
dnp3_test_data_part1[3].pcapng ;1111212;5;1;1
dnp3_test_data_part1[3].pcapng ;1111209;5;1;1
dnp3_test_data_part1[3].pcapng ;1111206;5;1;1
dnp3_test_data_part1[3].pcapng ;1111210;5;1;1
dnp3_test_data_part1[3].pcapng ;1111205;5;1;1
dnp3_test_data_part2[3].pcapng ;1111213;5;1;1
fox_info[3].pcapng ;1111101;5;1;1
modbus_test_data_part1[3].pcapng ;1111006;5;1;1
modbus_test_data_part1[3].pcapng ;1111007;5;1;1
modbus_test_data_part2[3].pcapng ;1111014;5;1;1
modbus_test_data_part2[3].pcapng ;1111013;5;1;1
modbus_test_data_part2[3].pcapng ;1111005;5;1;1
modbus_test_data_part2[3].pcapng ;1111004;5;1;1
modicon_test[3].pcapng ;1111015;5;1;1
T0814-ICMP_Flood_2-10[1].pcapng ;384;1;1;1
T0814-ICMP_Flood_3-5[1].pcapng ;384;1;1;1
T0814-ICMP_Flood_3-5[1].pcapng ;410;1;0;1
T0814-TCP_Flood_2-13[1].pcapng ;399;1;0;1
T0831-Impact.pcapng;29456;1;1;1
T0831-Impact.pcapng;384;1;1;1
T0831-Impact.pcapng;408;1;1;1
T0831-Impact.pcapng;404;1;0;1
T0814-InhibitResponseFunction_2.pcapng;29456;1;1;1
T0814-InhibitResponseFunction_2.pcapng;384;1;1;1
T0888-Discovery.pcapng;29456;1;1;1
T0888-Discovery.pcapng;384;1;1;1
T0888-Discovery.pcapng;408;1;1;1
T0888-Discovery.pcapng;402;1;0;1
T0888-Discovery.pcapng;368;1;1;1
T0888-Discovery.pcapng;366;1;1;1
T0888-Discovery.pcapng;453;1;1;1
T0888-Discovery.pcapng;451;1;0;1
T0822-InitialAccess.pcapng;402;1;0;1
T0888-Discovery_2.pcapng;895;1;1;1
T0888-Discovery_2.pcapng;40063;1;1;1
T0888-Discovery_2.pcapng;382;1;1;1
T0888-Discovery_2.pcapng;29456;1;1;1
T0888-Discovery_2.pcapng;384;1;1;1
T0888-Discovery_2.pcapng;408;1;1;1
T0842-Discovery.pcapng;419;1;0;1
T0842-Discovery.pcapng;1418;1;1;1
T0842-Discovery.pcapng;1421;1;1;1
T0888-Discovery_3.pcapng;368;1;1;1
T0888-Discovery_3.pcapng;366;1;1;1
T0888-Discovery_3.pcapng;29456;1;1;1
T0888-Discovery_3.pcapng;384;1;1;1
T0888-Discovery_3.pcapng;453;1;1;1
T0888-Discovery_3.pcapng;1418;1;1;1
T0888-Discovery_3.pcapng;1421;1;1;1
T0814-ICMP_Flood_2-10[1].pcapng ;384;2;1;1
T0814-ICMP_Flood_3-5[1].pcapng ;384;2;1;1
T0814-ICMP_Flood_3-5[1].pcapng ;410;2;0;1
T0814-TCP_Flood_2-13[1].pcapng ;399;2;0;1
T0831-Impact.pcapng;29456;2;1;1
T0831-Impact.pcapng;384;2;1;1
T0831-Impact.pcapng;408;2;1;1
T0831-Impact.pcapng;404;2;0;1
T0814-InhibitResponseFunction_2.pcapng;29456;2;1;1
T0814-InhibitResponseFunction_2.pcapng;384;2;1;1
T0814-InhibitResponseFunction_3.pcapng;17783;2;0;1
T0888-Discovery.pcapng;29456;2;1;1
T0888-Discovery.pcapng;384;2;1;1
T0888-Discovery.pcapng;408;2;1;1
T0888-Discovery.pcapng;402;2;0;1
T0888-Discovery.pcapng;368;2;1;1
T0888-Discovery.pcapng;366;2;1;1
T0888-Discovery.pcapng;453;2;1;1
T0888-Discovery.pcapng;451;2;0;1
T0822-InitialAccess.pcapng;402;2;0;1
T0888-Discovery_2.pcapng;895;2;1;1
T0888-Discovery_2.pcapng;40063;2;1;1
T0888-Discovery_2.pcapng;382;2;1;1
T0888-Discovery_2.pcapng;29456;2;1;1
T0888-Discovery_2.pcapng;384;2;1;1
T0888-Discovery_2.pcapng;408;2;1;1
T0842-Discovery.pcapng;419;2;0;1
T0842-Discovery.pcapng;1418;2;1;1
T0842-Discovery.pcapng;1421;2;1;1
T0888-Discovery_3.pcapng;368;2;1;1
T0888-Discovery_3.pcapng;366;2;1;1
T0888-Discovery_3.pcapng;29456;2;1;1
T0888-Discovery_3.pcapng;384;2;1;1
T0888-Discovery_3.pcapng;453;2;1;1
T0888-Discovery_3.pcapng;1418;2;1;1
T0888-Discovery_3.pcapng;1421;2;1;1
T0846-NULL_SCAN_2-7[1].pcapng ;51065;3;0;1
T0846-NULL_SCAN_2-7[1].pcapng ;24378;3;0;1
T0846-XMAS_SCAN_2-3[1].pcapng ;51065;3;0;1
T0846-XMAS_SCAN_2-3[1].pcapng ;24378;3;0;1
T0814-ICMP_Flood_2-10[1].pcapng ;384;3;1;1
T0814-ICMP_Flood_3-5[1].pcapng ;384;3;1;1
T0814-ICMP_Flood_3-5[1].pcapng ;410;3;0;1
T0814-ICMP_Flood_3-5[1].pcapng ;27610;3;0;1
T0814-TCP_Flood_2-13[1].pcapng ;399;3;0;1
T0831-Impact.pcapng;17790;3;1;1
T0831-Impact.pcapng;17783;3;0;1
T0831-Impact.pcapng;24303;3;0;0
T0831-Impact.pcapng;29456;3;1;1
T0831-Impact.pcapng;384;3;1;1
T0831-Impact.pcapng;408;3;1;1
T0831-Impact.pcapng;404;3;0;1
T0814-InhibitResponseFunction.pcapng;17790;3;1;1
T0814-InhibitResponseFunction.pcapng;17783;3;0;1
T0814-InhibitResponseFunction.pcapng;24303;3;0;0
T0814-InhibitResponseFunction_2.pcapng;17783;3;0;1
T0814-InhibitResponseFunction_2.pcapng;29456;3;1;1
T0814-InhibitResponseFunction_2.pcapng;384;3;1;1
T0814-InhibitResponseFunction_3.pcapng;17783;3;0;1
T0877-Collection.pcapng;17790;3;1;1
T0877-Collection.pcapng;17787;3;1;1
T0877-Collection.pcapng;17788;3;1;1
T0888-Discovery.pcapng;29456;3;1;1
T0888-Discovery.pcapng;384;3;1;1
T0888-Discovery.pcapng;408;3;1;1
T0888-Discovery.pcapng;50447;3;1;1
T0888-Discovery.pcapng;402;3;0;1
T0888-Discovery.pcapng;31767;3;1;1
T0888-Discovery.pcapng;368;3;1;1
T0888-Discovery.pcapng;366;3;1;1
T0888-Discovery.pcapng;36650;3;1;1
T0888-Discovery.pcapng;453;3;1;1
T0888-Discovery.pcapng;451;3;0;1
T0822-InitialAccess.pcapng;402;3;0;1
T0888-Discovery_2.pcapng;50447;3;1;1
T0888-Discovery_2.pcapng;41742;3;1;1
T0888-Discovery_2.pcapng;45915;3;1;1
T0888-Discovery_2.pcapng;31939;3;1;1
T0888-Discovery_2.pcapng;5708;3;1;1
T0888-Discovery_2.pcapng;3547;3;1;1
T0888-Discovery_2.pcapng;30379;3;1;1
T0888-Discovery_2.pcapng;895;3;1;1
T0888-Discovery_2.pcapng;40063;3;1;1
T0888-Discovery_2.pcapng;382;3;1;1
T0888-Discovery_2.pcapng;29456;3;1;1
T0888-Discovery_2.pcapng;384;3;1;1
T0888-Discovery_2.pcapng;31767;3;1;1
T0888-Discovery_2.pcapng;408;3;1;1
T0842-Discovery.pcapng;17790;3;1;1
T0842-Discovery.pcapng;50447;3;1;1
T0842-Discovery.pcapng;37393;3;1;1
T0842-Discovery.pcapng;13360;3;1;1
T0842-Discovery.pcapng;491;3;1;1
T0842-Discovery.pcapng;41742;3;1;1
T0842-Discovery.pcapng;1418;3;1;1
T0842-Discovery.pcapng;1421;3;1;1
T0888-Discovery_3.pcapng;368;3;1;1
T0888-Discovery_3.pcapng;366;3;1;1
T0888-Discovery_3.pcapng;29456;3;1;1
T0888-Discovery_3.pcapng;17790;3;1;1
T0888-Discovery_3.pcapng;384;3;1;1
T0888-Discovery_3.pcapng;36650;3;1;1
T0888-Discovery_3.pcapng;453;3;1;1
T0888-Discovery_3.pcapng;1418;3;1;1
T0888-Discovery_3.pcapng;1421;3;1;1
T0822-InitialAccess_2.pcapng;44489;3;0;1
T0822-InitialAccess_2.pcapng;44484;3;0;1
T0822-InitialAccess_2.pcapng;44488;3;0;1
T0822-InitialAccess_2.pcapng;44487;3;0;1
T0846-NULL_SCAN_2-7[1].pcapng ;2027768;4;0;1
T0846-NULL_SCAN_2-7[1].pcapng ;51065;4;0;1
T0846-NULL_SCAN_2-7[1].pcapng ;24378;4;0;1
T0846-XMAS_SCAN_2-3[1].pcapng ;2027768;4;0;1
T0846-XMAS_SCAN_2-3[1].pcapng ;51065;4;0;1
T0846-XMAS_SCAN_2-3[1].pcapng ;24378;4;0;1
T0814-ICMP_Flood_2-10[1].pcapng ;384;4;1;1
T0814-ICMP_Flood_3-2[1].pcapng ;2100527;4;0;0
T0814-ICMP_Flood_3-5[1].pcapng ;384;4;1;1
T0814-ICMP_Flood_3-5[1].pcapng ;410;4;0;1
T0814-ICMP_Flood_3-5[1].pcapng ;27610;4;0;1
T0814-TCP_Flood_2-13[1].pcapng ;399;4;0;1
T0831-Impact.pcapng;17790;4;1;1
T0831-Impact.pcapng;17783;4;0;1
T0831-Impact.pcapng;24303;4;0;0
T0831-Impact.pcapng;29456;4;1;1
T0831-Impact.pcapng;384;4;1;1
T0831-Impact.pcapng;408;4;1;1
T0831-Impact.pcapng;404;4;0;1
T0831-Impact.pcapng;2100527;4;0;0
T0814-InhibitResponseFunction.pcapng;17790;4;1;1
T0814-InhibitResponseFunction.pcapng;17783;4;0;1
T0814-InhibitResponseFunction.pcapng;24303;4;0;0
T0814-InhibitResponseFunction.pcapng;2100527;4;0;0
T0814-InhibitResponseFunction_2.pcapng;17783;4;0;1
T0814-InhibitResponseFunction_2.pcapng;29456;4;1;1
T0814-InhibitResponseFunction_2.pcapng;384;4;1;1
T0814-InhibitResponseFunction_2.pcapng;2100528;4;0;1
T0814-InhibitResponseFunction_3.pcapng;17783;4;0;1
T0814-InhibitResponseFunction_3.pcapng;2100527;4;0;0
T0814-InhibitResponseFunction_3.pcapng;2100528;4;0;1
T0877-Collection.pcapng;17790;4;1;1
T0877-Collection.pcapng;17787;4;1;1
T0877-Collection.pcapng;17788;4;1;1
T0888-Discovery.pcapng;29456;4;1;1
T0888-Discovery.pcapng;384;4;1;1
T0888-Discovery.pcapng;408;4;1;1
T0888-Discovery.pcapng;50447;4;1;1
T0888-Discovery.pcapng;402;4;0;1
T0888-Discovery.pcapng;31767;4;1;1
T0888-Discovery.pcapng;368;4;1;1
T0888-Discovery.pcapng;366;4;1;1
T0888-Discovery.pcapng;36650;4;1;1
T0888-Discovery.pcapng;453;4;1;1
T0888-Discovery.pcapng;451;4;0;1
T0822-InitialAccess.pcapng;402;4;0;1
T0888-Discovery_2.pcapng;50447;4;1;1
T0888-Discovery_2.pcapng;41742;4;1;1
T0888-Discovery_2.pcapng;45915;4;1;1
T0888-Discovery_2.pcapng;31939;4;1;1
T0888-Discovery_2.pcapng;5708;4;1;1
T0888-Discovery_2.pcapng;3547;4;1;1
T0888-Discovery_2.pcapng;30379;4;1;1
T0888-Discovery_2.pcapng;895;4;1;1
T0888-Discovery_2.pcapng;40063;4;1;1
T0888-Discovery_2.pcapng;382;4;1;1
T0888-Discovery_2.pcapng;29456;4;1;1
T0888-Discovery_2.pcapng;384;4;1;1
T0888-Discovery_2.pcapng;31767;4;1;1
T0888-Discovery_2.pcapng;408;4;1;1
T0842-Discovery.pcapng;17790;4;1;1
T0842-Discovery.pcapng;50447;4;1;1
T0842-Discovery.pcapng;37393;4;1;1
T0842-Discovery.pcapng;13360;4;1;1
T0842-Discovery.pcapng;491;4;1;1
T0842-Discovery.pcapng;41742;4;1;1
T0842-Discovery.pcapng;1418;4;1;1
T0842-Discovery.pcapng;1421;4;1;1
T0888-Discovery_3.pcapng;368;4;1;1
T0888-Discovery_3.pcapng;366;4;1;1
T0888-Discovery_3.pcapng;29456;4;1;1
T0888-Discovery_3.pcapng;17790;4;1;1
T0888-Discovery_3.pcapng;384;4;1;1
T0888-Discovery_3.pcapng;36650;4;1;1
T0888-Discovery_3.pcapng;453;4;1;1
T0888-Discovery_3.pcapng;1418;4;1;1
T0888-Discovery_3.pcapng;1421;4;1;1
T0822-InitialAccess_2.pcapng;44489;4;0;1
T0822-InitialAccess_2.pcapng;44484;4;0;1
T0822-InitialAccess_2.pcapng;44488;4;0;1
T0822-InitialAccess_2.pcapng;44487;4;0;1
T0822-InitialAccess_2.pcapng;2023997;4;0;1
T0831-Impact.pcapng;1111006;5;1;1
T0831-Impact.pcapng;1111007;5;1;1
T0814-InhibitResponseFunction.pcapng;1111006;5;1;1
T0814-InhibitResponseFunction.pcapng;1111007;5;1;1
T0814-InhibitResponseFunction_2.pcapng;1111007;5;1;1
T0814-InhibitResponseFunction_3.pcapng;1111007;5;1;1
T0877-Collection.pcapng;1111006;5;1;1
T0888-Discovery.pcapng;1111701;5;0;1
T0888-Discovery.pcapng;1111702;5;0;1
T0888-Discovery.pcapng;1111704;5;0;1
T0888-Discovery.pcapng;1111705;5;0;1
T0822-InitialAccess.pcapng;1111701;5;0;1
T0822-InitialAccess.pcapng;1111702;5;0;1
T0822-InitialAccess.pcapng;1111704;5;0;1
T0822-InitialAccess.pcapng;1111705;5;0;1
T0842-Discovery.pcapng;1111006;5;1;1
T0888-Discovery_3.pcapng;1111006;5;1;1
